comment_id,video_id,video_url,comment_url,text_original,author_name,author_img_url,author_channel_url,can_rate,viewer_rating,like_count,published_at,updated_at,crawled_date,crawled_time,can_reply,total_reply_count,is_public
Ugxg-c9DR76u_IlgdCx4AaABAg.9MTQGLg9H5t9MTQidjNHw3,q1lCEB683O8,https://www.youtube.com/watch?v=q1lCEB683O8,https://www.youtube.com/watch?v=q1lCEB683O8&lc=Ugxg-c9DR76u_IlgdCx4AaABAg.9MTQGLg9H5t9MTQidjNHw3,:O,Ugxg-c9DR76u_IlgdCx4AaABAg,farwil,https://yt3.ggpht.com/ytc/AAUvwnhDFiJyDw9anAkV2fERglhpnYTT3yfmHC6ZTCrmoA=s48-c-k-c0xffffffff-no-rj-mo,http://www.youtube.com/channel/UCeVZR071m2S_kBovYKwTfew,True,none,2,2021-04-23T06:40:01Z,2021-04-23T06:40:01Z,2021-04-23,23:10:33
UgzeQptFg5XlGHOh_nl4AaABAg.9MT-S0-HxVH9MTFFVyf_es,q1lCEB683O8,https://www.youtube.com/watch?v=q1lCEB683O8,https://www.youtube.com/watch?v=q1lCEB683O8&lc=UgzeQptFg5XlGHOh_nl4AaABAg.9MT-S0-HxVH9MTFFVyf_es,Para que sirve,UgzeQptFg5XlGHOh_nl4AaABAg,abraham vazquez garcia,https://yt3.ggpht.com/ytc/AAUvwniNQyjYJkoTBDlqNh9GWFtpzZRhwdju1LQUrCcRfw=s48-c-k-c0xffffffff-no-rj-mo,http://www.youtube.com/channel/UCbk0lzvTIgDjIde57OURDfg,True,none,0,2021-04-23T04:59:47Z,2021-04-23T04:59:47Z,2021-04-23,23:10:33
UgzeQptFg5XlGHOh_nl4AaABAg.9MT-S0-HxVH9MTEmgbysOW,q1lCEB683O8,https://www.youtube.com/watch?v=q1lCEB683O8,https://www.youtube.com/watch?v=q1lCEB683O8&lc=UgzeQptFg5XlGHOh_nl4AaABAg.9MT-S0-HxVH9MTEmgbysOW,Para que sirve eso,UgzeQptFg5XlGHOh_nl4AaABAg,PARCETUPIO,https://yt3.ggpht.com/ytc/AAUvwnjftia-j40Zk6GqSxMc7Ip9d2TeFgiUvY3iISCz=s48-c-k-c0xffffffff-no-rj-mo,http://www.youtube.com/channel/UCJMZeV0HyptNohGokpSDAAQ,True,none,0,2021-04-23T04:55:43Z,2021-04-23T04:55:43Z,2021-04-23,23:10:33
Ugy1x8FBgQuDeZoHoVh4AaABAg.9MT-49HxUy49MT4598yPLy,q1lCEB683O8,https://www.youtube.com/watch?v=q1lCEB683O8,https://www.youtube.com/watch?v=q1lCEB683O8&lc=Ugy1x8FBgQuDeZoHoVh4AaABAg.9MT-49HxUy49MT4598yPLy,X2,Ugy1x8FBgQuDeZoHoVh4AaABAg,stop motion films,https://yt3.ggpht.com/ytc/AAUvwnhxfC_oAKeLXbSrS5VjLldphokkZkRU-GSg-DvjwA=s48-c-k-c0xffffffff-no-rj-mo,http://www.youtube.com/channel/UCBpQm9rOtpXWpouvIlNt84A,True,none,1,2021-04-23T03:22:15Z,2021-04-23T03:22:15Z,2021-04-23,23:10:34
UgxdZDwr6A3IHxmmnvd4AaABAg.9MSykqgCbUP9MTbb5C9Tms,q1lCEB683O8,https://www.youtube.com/watch?v=q1lCEB683O8,https://www.youtube.com/watch?v=q1lCEB683O8&lc=UgxdZDwr6A3IHxmmnvd4AaABAg.9MSykqgCbUP9MTbb5C9Tms,Es verdad UwU,UgxdZDwr6A3IHxmmnvd4AaABAg,Mr sanchez,https://yt3.ggpht.com/ytc/AAUvwnhsOk5g3fRblDZeYE6wKW8Hu8yNWttf1EfPkVRn=s48-c-k-c0xffffffff-no-rj-mo,http://www.youtube.com/channel/UCIjc-loy0VJeQQKAKaZ2Stg,True,none,0,2021-04-23T08:23:51Z,2021-04-23T08:23:51Z,2021-04-23,23:10:34
UgwYrAQVWkn4SxLA3IZ4AaABAg.9MSy9VI3KSD9MTLerEiYBL,q1lCEB683O8,https://www.youtube.com/watch?v=q1lCEB683O8,https://www.youtube.com/watch?v=q1lCEB683O8&lc=UgwYrAQVWkn4SxLA3IZ4AaABAg.9MSy9VI3KSD9MTLerEiYBL,Hola,UgwYrAQVWkn4SxLA3IZ4AaABAg,Eric Rojo Cespedes,https://yt3.ggpht.com/ytc/AAUvwnio_UTn_YW5TxAh7jbYou-ti_2VeegnkixWn1facA=s48-c-k-c0xffffffff-no-rj-mo,http://www.youtube.com/channel/UCOJtxg37jfKeiQa1TdvdYeA,True,none,1,2021-04-23T05:55:49Z,2021-04-23T05:55:49Z,2021-04-23,23:10:34
UgxvAAXrLGFAPLF1Rml4AaABAg.9MSum66YcD39MSunksIxKf,q1lCEB683O8,https://www.youtube.com/watch?v=q1lCEB683O8,https://www.youtube.com/watch?v=q1lCEB683O8&lc=UgxvAAXrLGFAPLF1Rml4AaABAg.9MSum66YcD39MSunksIxKf,Aaaaahhh,UgxvAAXrLGFAPLF1Rml4AaABAg,mi musica Medrano de tarifa,https://yt3.ggpht.com/ytc/AAUvwnizoW8bZ6gNcLePI-FcC3JQDYhMndE9oWcbrw=s48-c-k-c0xffffffff-no-rj-mo,http://www.youtube.com/channel/UCd0KHoqO3Eo51KECapM9Ksg,True,none,0,2021-04-23T01:52:21Z,2021-04-23T01:52:21Z,2021-04-23,23:10:34
UgzZfCYEIBrPzDlXb3Z4AaABAg.9MSuWBKV8r29MSuqXUIsHQ,q1lCEB683O8,https://www.youtube.com/watch?v=q1lCEB683O8,https://www.youtube.com/watch?v=q1lCEB683O8&lc=UgzZfCYEIBrPzDlXb3Z4AaABAg.9MSuWBKV8r29MSuqXUIsHQ,Si,UgzZfCYEIBrPzDlXb3Z4AaABAg,AGUSTI STAR,https://yt3.ggpht.com/ytc/AAUvwnhhOPSeHlQqhcHraMWsmWGyCa8Htp0uG7yK5FaG=s48-c-k-c0xffffffff-no-rj-mo,http://www.youtube.com/channel/UCkNHRv6zwQYo-YfTFpHEGaw,True,none,0,2021-04-23T01:52:44Z,2021-04-23T01:52:44Z,2021-04-23,23:10:34
UgwPL8bA3RTt0Yw2nS14AaABAg.9MStMuWQTk39MStTMFO_IC,q1lCEB683O8,https://www.youtube.com/watch?v=q1lCEB683O8,https://www.youtube.com/watch?v=q1lCEB683O8&lc=UgwPL8bA3RTt0Yw2nS14AaABAg.9MStMuWQTk39MStTMFO_IC,Creo que por ah√≠ $100,UgwPL8bA3RTt0Yw2nS14AaABAg,Elias Galeano,https://yt3.ggpht.com/ytc/AAUvwnjM-lfT_bbA7iBv7A5s3vqsprqK7otDhux1dA=s48-c-k-c0xffffffff-no-rj-mo,http://www.youtube.com/channel/UCq-DYvJS6Rzgrua5j_l2Kgg,True,none,0,2021-04-23T01:40:42Z,2021-04-23T01:40:42Z,2021-04-23,23:10:34
Ugyi4H0YvYkkXBlroqB4AaABAg.9MSrwRRIcDC9MUDI-6KvLL,q1lCEB683O8,https://www.youtube.com/watch?v=q1lCEB683O8,https://www.youtube.com/watch?v=q1lCEB683O8&lc=Ugyi4H0YvYkkXBlroqB4AaABAg.9MSrwRRIcDC9MUDI-6KvLL,xD,Ugyi4H0YvYkkXBlroqB4AaABAg,Anita Moreno,https://yt3.ggpht.com/ytc/AAUvwngTmP1D4314X3FjfDBpi8j8SRGo8X9RY872270RzQ=s48-c-k-c0xffffffff-no-rj-mo,http://www.youtube.com/channel/UCXWwIUNvd3jp4-8o2iPWYYg,True,none,0,2021-04-23T14:01:53Z,2021-04-23T14:01:53Z,2021-04-23,23:10:34
Ugyi4H0YvYkkXBlroqB4AaABAg.9MSrwRRIcDC9MTjrghw_as,q1lCEB683O8,https://www.youtube.com/watch?v=q1lCEB683O8,https://www.youtube.com/watch?v=q1lCEB683O8&lc=Ugyi4H0YvYkkXBlroqB4AaABAg.9MSrwRRIcDC9MTjrghw_as,Parece un gato xD,Ugyi4H0YvYkkXBlroqB4AaABAg,Susy Ortega,https://yt3.ggpht.com/ytc/AAUvwni56HJYjTtP600oXxB-a3dokvwign98VSOeHqyy=s48-c-k-c0xffffffff-no-rj-mo,http://www.youtube.com/channel/UCQhpAciuveh16L88ScdERLQ,True,none,0,2021-04-23T09:36:01Z,2021-04-23T09:36:01Z,2021-04-23,23:10:34
Ugyi4H0YvYkkXBlroqB4AaABAg.9MSrwRRIcDC9MTdRxZl4Cr,q1lCEB683O8,https://www.youtube.com/watch?v=q1lCEB683O8,https://www.youtube.com/watch?v=q1lCEB683O8&lc=Ugyi4H0YvYkkXBlroqB4AaABAg.9MSrwRRIcDC9MTdRxZl4Cr,"Ver a la persona feliz , a quien nos ase felizes , es adorable üíóüíôüíúüíóüíôüíú",Ugyi4H0YvYkkXBlroqB4AaABAg,yaliso gioouy,https://yt3.ggpht.com/ytc/AAUvwnh8IgxMbraufJ_InQHG0K6XfdypQpakFxvRDihf=s48-c-k-c0xffffffff-no-rj-mo,http://www.youtube.com/channel/UC8HGhnX7x8XvEcFOx0n6ojA,True,none,0,2021-04-23T08:39:56Z,2021-04-23T08:39:56Z,2021-04-23,23:10:34
Ugx4jaH4jkHb14EGgWZ4AaABAg.9MSk2P7gByT9MSlYuU_4XM,q1lCEB683O8,https://www.youtube.com/watch?v=q1lCEB683O8,https://www.youtube.com/watch?v=q1lCEB683O8&lc=Ugx4jaH4jkHb14EGgWZ4AaABAg.9MSk2P7gByT9MSlYuU_4XM,mike si por favor,Ugx4jaH4jkHb14EGgWZ4AaABAg,GustuRestaurant,https://yt3.ggpht.com/ytc/AAUvwnhnbXHAkEEj3vEztxWa6WXgwhlxQILT_oKJaw=s48-c-k-c0xffffffff-no-rj-mo,http://www.youtube.com/channel/UCcRKDnBiC7BPOvMGJtaw5UA,True,none,0,2021-04-23T00:31:33Z,2021-04-23T00:31:33Z,2021-04-23,23:10:34
UgwWKJFUdq8hOKm2ewJ4AaABAg.9MSUgpauLgs9MTL2t6QW7Z,q1lCEB683O8,https://www.youtube.com/watch?v=q1lCEB683O8,https://www.youtube.com/watch?v=q1lCEB683O8&lc=UgwWKJFUdq8hOKm2ewJ4AaABAg.9MSUgpauLgs9MTL2t6QW7Z,Xdd,UgwWKJFUdq8hOKm2ewJ4AaABAg,Mara Herreruela Soria,https://yt3.ggpht.com/ytc/AAUvwnhWK3IZsKImvcpojtJbIEj8u7WGYGiU-fPAIKcHBQ=s48-c-k-c0xffffffff-no-rj-mo,http://www.youtube.com/channel/UCLz_PkP9pzfRsOc7NP0lzWw,True,none,0,2021-04-23T05:50:29Z,2021-04-23T05:50:29Z,2021-04-23,23:10:36
UgwWKJFUdq8hOKm2ewJ4AaABAg.9MSUgpauLgs9MSv6uKe5zl,q1lCEB683O8,https://www.youtube.com/watch?v=q1lCEB683O8,https://www.youtube.com/watch?v=q1lCEB683O8&lc=UgwWKJFUdq8hOKm2ewJ4AaABAg.9MSUgpauLgs9MSv6uKe5zl,Jajajaja,UgwWKJFUdq8hOKm2ewJ4AaABAg,Jos√© Alfredo Irigollen Meza,https://yt3.ggpht.com/ytc/AAUvwnjKkmJ8NDK7zkTwv_S4fu1N5_nsDiejU7zmHA=s48-c-k-c0xffffffff-no-rj-mo,http://www.youtube.com/channel/UCPGB7ydvfWSk8IedY0LBNqA,True,none,0,2021-04-23T01:55:07Z,2021-04-23T01:55:07Z,2021-04-23,23:10:36
Ugx96jWprGpePwBAnlx4AaABAg.9MSREpPMhni9MU1TCENFTd,q1lCEB683O8,https://www.youtube.com/watch?v=q1lCEB683O8,https://www.youtube.com/watch?v=q1lCEB683O8&lc=Ugx96jWprGpePwBAnlx4AaABAg.9MSREpPMhni9MU1TCENFTd,Aaaa spoiler üòÇ,Ugx96jWprGpePwBAnlx4AaABAg,Adrilu Miranda,https://yt3.ggpht.com/ytc/AAUvwnilUuJ6OA94uI8IgTRUkngff16IoTWjdsjLUnrOoQ=s48-c-k-c0xffffffff-no-rj-mo,http://www.youtube.com/channel/UCOGfIHY4bN-vMZlB3vBb1yw,True,none,0,2021-04-23T12:18:34Z,2021-04-23T12:18:34Z,2021-04-23,23:10:36
Ugx96jWprGpePwBAnlx4AaABAg.9MSREpPMhni9MT_q5TllBP,q1lCEB683O8,https://www.youtube.com/watch?v=q1lCEB683O8,https://www.youtube.com/watch?v=q1lCEB683O8&lc=Ugx96jWprGpePwBAnlx4AaABAg.9MSREpPMhni9MT_q5TllBP,Si,Ugx96jWprGpePwBAnlx4AaABAg,sweet pie,https://yt3.ggpht.com/ytc/AAUvwni6KYJOlwB9MSxJt148pJRKuaJSrgF5LRwGL12bWw=s48-c-k-c0xffffffff-no-rj-mo,http://www.youtube.com/channel/UCn-IR3bgWxlNNNsYsC3KGbA,True,none,0,2021-04-23T08:08:25Z,2021-04-23T08:08:25Z,2021-04-23,23:10:36
Ugx96jWprGpePwBAnlx4AaABAg.9MSREpPMhni9MTXD-z_6Dj,q1lCEB683O8,https://www.youtube.com/watch?v=q1lCEB683O8,https://www.youtube.com/watch?v=q1lCEB683O8&lc=Ugx96jWprGpePwBAnlx4AaABAg.9MSREpPMhni9MTXD-z_6Dj,Jajajajaja te haces el departamento entero,Ugx96jWprGpePwBAnlx4AaABAg,Leonel Sandoval,https://yt3.ggpht.com/ytc/AAUvwnjleYEv5QSt68twVR-CFyIecCjYmJdaRv_SErixAw=s48-c-k-c0xffffffff-no-rj-mo,http://www.youtube.com/channel/UCnJEfv2VEEj93W_nIhDHKEw,True,none,1,2021-04-23T07:36:44Z,2021-04-23T07:36:44Z,2021-04-23,23:10:36
Ugx96jWprGpePwBAnlx4AaABAg.9MSREpPMhni9MTWFCiUwk5,q1lCEB683O8,https://www.youtube.com/watch?v=q1lCEB683O8,https://www.youtube.com/watch?v=q1lCEB683O8&lc=Ugx96jWprGpePwBAnlx4AaABAg.9MSREpPMhni9MTWFCiUwk5,Yo quiero una l√°mpara de los chinos jsjsjsjsjsjsjsjsjsjsjsjsjs,Ugx96jWprGpePwBAnlx4AaABAg,Pa√ßk√≥ Gor√∫,https://yt3.ggpht.com/ytc/AAUvwnikOi5cDgFc3OxUxWVZKNiAemUDQK0YZEBq-JTF=s48-c-k-c0xffffffff-no-rj-mo,http://www.youtube.com/channel/UCKhyB161X-TAQoFsWJITMNQ,True,none,1,2021-04-23T07:28:17Z,2021-04-23T07:28:17Z,2021-04-23,23:10:36
UgznTII16_uP7HHoBqN4AaABAg.9MSOnESMlEQ9MSeezK48B0,q1lCEB683O8,https://www.youtube.com/watch?v=q1lCEB683O8,https://www.youtube.com/watch?v=q1lCEB683O8&lc=UgznTII16_uP7HHoBqN4AaABAg.9MSOnESMlEQ9MSeezK48B0,Y como se buscan?,UgznTII16_uP7HHoBqN4AaABAg,Leo R√≠os Uribe,https://yt3.ggpht.com/ytc/AAUvwnj9V97F0m5fX1RulQa8vDtlwE4M1tRiDw0DJ5Ud2A=s48-c-k-c0xffffffff-no-rj-mo,http://www.youtube.com/channel/UCRHEDdKWyfFz3BAFozTlEmQ,True,none,0,2021-04-22T23:31:21Z,2021-04-22T23:31:21Z,2021-04-23,23:10:36
Ugw86qQ_cFVAdOtgA_V4AaABAg.9MSOaRGmvEq9MSOdFRTRnV,q1lCEB683O8,https://www.youtube.com/watch?v=q1lCEB683O8,https://www.youtube.com/watch?v=q1lCEB683O8&lc=Ugw86qQ_cFVAdOtgA_V4AaABAg.9MSOaRGmvEq9MSOdFRTRnV,Si haber que pasa,Ugw86qQ_cFVAdOtgA_V4AaABAg,silvia carolina Obregon,https://yt3.ggpht.com/ytc/AAUvwnh869PjQLaXXimRpd8JsJ1JSdfnRxk21MXK2w=s48-c-k-c0xffffffff-no-rj-mo,http://www.youtube.com/channel/UCB8Y5h5QBDui-VOc9lRr1Hw,True,none,1,2021-04-22T21:02:34Z,2021-04-22T21:02:34Z,2021-04-23,23:10:36
Ugw86qQ_cFVAdOtgA_V4AaABAg.9MSOaRGmvEq9MSOc-2I_EU,q1lCEB683O8,https://www.youtube.com/watch?v=q1lCEB683O8,https://www.youtube.com/watch?v=q1lCEB683O8&lc=Ugw86qQ_cFVAdOtgA_V4AaABAg.9MSOaRGmvEq9MSOc-2I_EU,Si plisssss,Ugw86qQ_cFVAdOtgA_V4AaABAg,silvia carolina Obregon,https://yt3.ggpht.com/ytc/AAUvwnh869PjQLaXXimRpd8JsJ1JSdfnRxk21MXK2w=s48-c-k-c0xffffffff-no-rj-mo,http://www.youtube.com/channel/UCB8Y5h5QBDui-VOc9lRr1Hw,True,none,1,2021-04-22T21:02:24Z,2021-04-22T21:02:24Z,2021-04-23,23:10:36
UgzvcqNLu-py_Jmv1_54AaABAg.9MSNUcBmhGV9MSNX8Y3vjy,q1lCEB683O8,https://www.youtube.com/watch?v=q1lCEB683O8,https://www.youtube.com/watch?v=q1lCEB683O8&lc=UgzvcqNLu-py_Jmv1_54AaABAg.9MSNUcBmhGV9MSNX8Y3vjy,XD OTRA OTRA OTRA,UgzvcqNLu-py_Jmv1_54AaABAg,Jose Vargas,https://yt3.ggpht.com/ytc/AAUvwnjfiyvXryndrLmkroPjwM_m4Jf4-PN5uQiEPiCA=s48-c-k-c0xffffffff-no-rj-mo,http://www.youtube.com/channel/UCfs4icYJCUAIrGi2llLGbBQ,True,none,0,2021-04-22T20:52:51Z,2021-04-22T20:52:51Z,2021-04-23,23:10:36
UgzrH00JDp580cC1p_l4AaABAg.9MSMLCwgluG9MS_NHooqtP,q1lCEB683O8,https://www.youtube.com/watch?v=q1lCEB683O8,https://www.youtube.com/watch?v=q1lCEB683O8&lc=UgzrH00JDp580cC1p_l4AaABAg.9MSMLCwgluG9MS_NHooqtP,Eso mismo he pensado yo... Qu√© se usan para eso jajajaja,UgzrH00JDp580cC1p_l4AaABAg,In√©s G.,https://yt3.ggpht.com/ytc/AAUvwnjPGpNjTWzBnVpoq4qhNh3x8hdvsBksZjDJ5-Qi2g=s48-c-k-c0xffffffff-no-rj-mo,http://www.youtube.com/channel/UCZ-0OaFIk57__753rPtyKJw,True,none,0,2021-04-22T22:45:06Z,2021-04-22T22:45:06Z,2021-04-23,23:10:36
UgxaVM__LTkdrc0KgM94AaABAg.9MSLYohcTGt9MSO-Mxwc3j,q1lCEB683O8,https://www.youtube.com/watch?v=q1lCEB683O8,https://www.youtube.com/watch?v=q1lCEB683O8&lc=UgxaVM__LTkdrc0KgM94AaABAg.9MSLYohcTGt9MSO-Mxwc3j,Jajajaja üëã,UgxaVM__LTkdrc0KgM94AaABAg,Jose Vargas,https://yt3.ggpht.com/ytc/AAUvwnjfiyvXryndrLmkroPjwM_m4Jf4-PN5uQiEPiCA=s48-c-k-c0xffffffff-no-rj-mo,http://www.youtube.com/channel/UCfs4icYJCUAIrGi2llLGbBQ,True,none,0,2021-04-22T20:56:59Z,2021-04-22T20:56:59Z,2021-04-23,23:10:36
UgyXbWlJoHdZupiYDmF4AaABAg.9MSL-vf0GVt9MSy2VElpeg,q1lCEB683O8,https://www.youtube.com/watch?v=q1lCEB683O8,https://www.youtube.com/watch?v=q1lCEB683O8&lc=UgyXbWlJoHdZupiYDmF4AaABAg.9MSL-vf0GVt9MSy2VElpeg,XD,UgyXbWlJoHdZupiYDmF4AaABAg,Dulcela 123,https://yt3.ggpht.com/ytc/AAUvwnivBLBbN9sqjceiWdF9T0i1fxDZrxfou2W674I-=s48-c-k-c0xffffffff-no-rj-mo,http://www.youtube.com/channel/UCDTPmovN8pHD8VQdGcLFS-g,True,none,2,2021-04-23T02:20:43Z,2021-04-23T02:20:43Z,2021-04-23,23:10:36
UgyXbWlJoHdZupiYDmF4AaABAg.9MSL-vf0GVt9MSUnduN105,q1lCEB683O8,https://www.youtube.com/watch?v=q1lCEB683O8,https://www.youtube.com/watch?v=q1lCEB683O8&lc=UgyXbWlJoHdZupiYDmF4AaABAg.9MSL-vf0GVt9MSUnduN105,Gracias,UgyXbWlJoHdZupiYDmF4AaABAg,MakeupJess 17,https://yt3.ggpht.com/ytc/AAUvwnjzNbieUETzq1x1anp0skd-vHkdTXXHAfS4fjn1aQ=s48-c-k-c0xffffffff-no-rj-mo,http://www.youtube.com/channel/UC9osHQtcV6q2dqbctTJMYEg,True,none,3,2021-04-22T21:56:25Z,2021-04-22T21:56:25Z,2021-04-23,23:10:36
UgyXbWlJoHdZupiYDmF4AaABAg.9MSL-vf0GVt9MSThvRG4mj,q1lCEB683O8,https://www.youtube.com/watch?v=q1lCEB683O8,https://www.youtube.com/watch?v=q1lCEB683O8&lc=UgyXbWlJoHdZupiYDmF4AaABAg.9MSL-vf0GVt9MSThvRG4mj,"@MakeupJess 17 <a href=""https://www.youtube.com/watch?v=q1lCEB683O8&amp;t=35m03s"">35:03</a>",UgyXbWlJoHdZupiYDmF4AaABAg,Karitza Landa,https://yt3.ggpht.com/ytc/AAUvwni92lDg0088QVeKb0g7gpKFz7nskBgCHn7oQg=s48-c-k-c0xffffffff-no-rj-mo,http://www.youtube.com/channel/UCrCTBi35u4gSng9ogEUXNIQ,True,none,2,2021-04-22T21:46:54Z,2021-04-22T21:46:54Z,2021-04-23,23:10:36
UgyXbWlJoHdZupiYDmF4AaABAg.9MSL-vf0GVt9MSSzsY4q-P,q1lCEB683O8,https://www.youtube.com/watch?v=q1lCEB683O8,https://www.youtube.com/watch?v=q1lCEB683O8&lc=UgyXbWlJoHdZupiYDmF4AaABAg.9MSL-vf0GVt9MSSzsY4q-P,En que minuto?,UgyXbWlJoHdZupiYDmF4AaABAg,MakeupJess 17,https://yt3.ggpht.com/ytc/AAUvwnjzNbieUETzq1x1anp0skd-vHkdTXXHAfS4fjn1aQ=s48-c-k-c0xffffffff-no-rj-mo,http://www.youtube.com/channel/UC9osHQtcV6q2dqbctTJMYEg,True,none,2,2021-04-22T21:40:36Z,2021-04-22T21:40:36Z,2021-04-23,23:10:36
UgxIxEW8h61BzhKIJoN4AaABAg.9MSJLNlno4l9MTDEWthGTl,q1lCEB683O8,https://www.youtube.com/watch?v=q1lCEB683O8,https://www.youtube.com/watch?v=q1lCEB683O8&lc=UgxIxEW8h61BzhKIJoN4AaABAg.9MSJLNlno4l9MTDEWthGTl,17: 29 que eS,UgxIxEW8h61BzhKIJoN4AaABAg,Mar√≠a Fernanda Arroyo S√°nchez,https://yt3.ggpht.com/ytc/AAUvwnhpdUa6yDD53XkH6jhbyTyWCprwRtFvauHXhZ2vYQ=s48-c-k-c0xffffffff-no-rj-mo,http://www.youtube.com/channel/UCdbdOJskKn1ouyVrr3GtVww,True,none,3,2021-04-23T04:42:10Z,2021-04-23T04:42:10Z,2021-04-23,23:10:37
UgxIxEW8h61BzhKIJoN4AaABAg.9MSJLNlno4l9MSlyOqBl4K,q1lCEB683O8,https://www.youtube.com/watch?v=q1lCEB683O8,https://www.youtube.com/watch?v=q1lCEB683O8&lc=UgxIxEW8h61BzhKIJoN4AaABAg.9MSJLNlno4l9MSlyOqBl4K,"<a href=""https://www.youtube.com/watch?v=q1lCEB683O8&amp;t=3m30s"">3:30</a> yo viendo c√≥mo el mono mira a Mike",UgxIxEW8h61BzhKIJoN4AaABAg,Justin steven D√≠az reyes,https://yt3.ggpht.com/ytc/AAUvwniKOMppx41akWcINc7fS87U5-KNyiHFbPFo6g=s48-c-k-c0xffffffff-no-rj-mo,http://www.youtube.com/channel/UCVKKdxJnsA3GXJSf9fYAHQQ,True,none,17,2021-04-23T00:35:10Z,2021-04-23T00:35:10Z,2021-04-23,23:10:37
UgxIxEW8h61BzhKIJoN4AaABAg.9MSJLNlno4l9MSj5FmCnSO,q1lCEB683O8,https://www.youtube.com/watch?v=q1lCEB683O8,https://www.youtube.com/watch?v=q1lCEB683O8&lc=UgxIxEW8h61BzhKIJoN4AaABAg.9MSJLNlno4l9MSj5FmCnSO,Es para protejer los muebles de los gatos.,UgxIxEW8h61BzhKIJoN4AaABAg,Lucho Guerrero Aguilera,https://yt3.ggpht.com/ytc/AAUvwnja3YwvvDZ5gsZJ8BGEwnG-dT_S6_DvV7hRbiWt8w=s48-c-k-c0xffffffff-no-rj-mo,http://www.youtube.com/channel/UCN56WEE-mteQhbveozQcjZw,True,none,15,2021-04-23T00:10:02Z,2021-04-23T00:10:02Z,2021-04-23,23:10:37
UgxIxEW8h61BzhKIJoN4AaABAg.9MSJLNlno4l9MSbC0Zdo_z,q1lCEB683O8,https://www.youtube.com/watch?v=q1lCEB683O8,https://www.youtube.com/watch?v=q1lCEB683O8&lc=UgxIxEW8h61BzhKIJoN4AaABAg.9MSJLNlno4l9MSbC0Zdo_z,Jajaja en las mismas ...üòÑüëå,UgxIxEW8h61BzhKIJoN4AaABAg,Rakel Ivett Bozz,https://yt3.ggpht.com/ytc/AAUvwnjJwIXkpl-q9ASMteuO4tUds5y-cFOs3b52quY=s48-c-k-c0xffffffff-no-rj-mo,http://www.youtube.com/channel/UCkcJOm-x26_mGBlpvVqX2JQ,True,none,9,2021-04-22T23:01:03Z,2021-04-22T23:01:03Z,2021-04-23,23:10:37
Ugz8xBPi4Ig-bsopxCV4AaABAg.9MSJ23HEKyU9MSVIH-WXy8,q1lCEB683O8,https://www.youtube.com/watch?v=q1lCEB683O8,https://www.youtube.com/watch?v=q1lCEB683O8&lc=Ugz8xBPi4Ig-bsopxCV4AaABAg.9MSJ23HEKyU9MSVIH-WXy8,@Candy Paredes ok chau,Ugz8xBPi4Ig-bsopxCV4AaABAg,Camila Felipe,https://yt3.ggpht.com/ytc/AAUvwnhYNCZAAkT2kMa3dgAIfLSgpn2swDJR4gLG3g=s48-c-k-c0xffffffff-no-rj-mo,http://www.youtube.com/channel/UCClKSQfiAvf6avCrkinwi8A,True,none,0,2021-04-22T22:00:44Z,2021-04-22T22:00:44Z,2021-04-23,23:10:37
Ugz8xBPi4Ig-bsopxCV4AaABAg.9MSJ23HEKyU9MSU-nMKRf6,q1lCEB683O8,https://www.youtube.com/watch?v=q1lCEB683O8,https://www.youtube.com/watch?v=q1lCEB683O8&lc=Ugz8xBPi4Ig-bsopxCV4AaABAg.9MSJ23HEKyU9MSU-nMKRf6,Ok bueno chau,Ugz8xBPi4Ig-bsopxCV4AaABAg,Candy Paredes,https://yt3.ggpht.com/ytc/AAUvwngXQQ_4nhh3QwvhGAf0AzwuvHDtNJnex7tXig=s48-c-k-c0xffffffff-no-rj-mo,http://www.youtube.com/channel/UCDfV0PLquYK03U1vXUceEXg,True,none,0,2021-04-22T21:49:28Z,2021-04-22T21:49:28Z,2021-04-23,23:10:37
Ugzv-RfrqDp3FUs8wxR4AaABAg.9MSJ14-m_lw9MSq48S6LqJ,q1lCEB683O8,https://www.youtube.com/watch?v=q1lCEB683O8,https://www.youtube.com/watch?v=q1lCEB683O8&lc=Ugzv-RfrqDp3FUs8wxR4AaABAg.9MSJ14-m_lw9MSq48S6LqJ,Vamos all√° üòÉüëà,Ugzv-RfrqDp3FUs8wxR4AaABAg,videos graciosos y mucho m√°s juuu,https://yt3.ggpht.com/ytc/AAUvwnj2YjYlfSDm9Isa2CzKEcFO5PYwHTuR_xd1Kj-2Vw=s48-c-k-c0xffffffff-no-rj-mo,http://www.youtube.com/channel/UCMtoOUrJtRvA8W3CK0ERsfg,True,none,1,2021-04-23T01:11:02Z,2021-04-23T01:11:02Z,2021-04-23,23:10:37
Ugzv-RfrqDp3FUs8wxR4AaABAg.9MSJ14-m_lw9MSlzPsbtHh,q1lCEB683O8,https://www.youtube.com/watch?v=q1lCEB683O8,https://www.youtube.com/watch?v=q1lCEB683O8&lc=Ugzv-RfrqDp3FUs8wxR4AaABAg.9MSJ14-m_lw9MSlzPsbtHh,Like por Anduin,Ugzv-RfrqDp3FUs8wxR4AaABAg,Turin Turambar,https://yt3.ggpht.com/ytc/AAUvwniLWcAIwmoU9KDyRtMdysHiWg7aw6GFHqsXgg9_=s48-c-k-c0xffffffff-no-rj-mo,http://www.youtube.com/channel/UCjXg6YHutT5Y0UbaCZCkNqg,True,none,0,2021-04-23T00:35:18Z,2021-04-23T00:35:18Z,2021-04-23,23:10:37
Ugzv-RfrqDp3FUs8wxR4AaABAg.9MSJ14-m_lw9MScemaKjlF,q1lCEB683O8,https://www.youtube.com/watch?v=q1lCEB683O8,https://www.youtube.com/watch?v=q1lCEB683O8&lc=Ugzv-RfrqDp3FUs8wxR4AaABAg.9MSJ14-m_lw9MScemaKjlF,@Mayara Yaritza llmmllmllmlmkmkmllmkklmlmllkmlmlmllmmllmkmllmkllmlmlmkmlkllmklmmklllmlmlmklmkmklmlmlmllmlmlmkmlmllmlmlkmklmllmllmllllkmlmkmlmllllmlmkmklmmlllmmlklmlmkmkmkmllmlllllmkmlmlmllmkmklmkmlmlkmkmkmkmkmlmkmllmlmklmklmllmkmlmkmlmklmlmlmlmmlllmlkmlmk,Ugzv-RfrqDp3FUs8wxR4AaABAg,felicita s laurente requez,https://yt3.ggpht.com/ytc/AAUvwng0cBhstmc31YLesg8XSktTOhJnVF4OqyQBIg=s48-c-k-c0xffffffff-no-rj-mo,http://www.youtube.com/channel/UCc9X5FWpHXTAG48MdFP61Gw,True,none,0,2021-04-22T23:13:51Z,2021-04-22T23:13:51Z,2021-04-23,23:10:37
Ugzv-RfrqDp3FUs8wxR4AaABAg.9MSJ14-m_lw9MSbVTpptyK,q1lCEB683O8,https://www.youtube.com/watch?v=q1lCEB683O8,https://www.youtube.com/watch?v=q1lCEB683O8&lc=Ugzv-RfrqDp3FUs8wxR4AaABAg.9MSJ14-m_lw9MSbVTpptyK,Si ya lo extra√±aba,Ugzv-RfrqDp3FUs8wxR4AaABAg,Mayara Yaritza,https://yt3.ggpht.com/ytc/AAUvwnipxjpabFA_eCwBDC4hmZNbx8vcCJyfc1vTlQ=s48-c-k-c0xffffffff-no-rj-mo,http://www.youtube.com/channel/UC_uykO4D0yh9HokcWYFG48A,True,none,3,2021-04-22T23:03:42Z,2021-04-22T23:03:42Z,2021-04-23,23:10:37
UgwZo_ya8DGpLCybDch4AaABAg.9MSHhWj3ezc9MTJ09_zQtO,q1lCEB683O8,https://www.youtube.com/watch?v=q1lCEB683O8,https://www.youtube.com/watch?v=q1lCEB683O8&lc=UgwZo_ya8DGpLCybDch4AaABAg.9MSHhWj3ezc9MTJ09_zQtO,Tu tambi√©n conoces a garman,UgwZo_ya8DGpLCybDch4AaABAg,Roxana linares,https://yt3.ggpht.com/ytc/AAUvwnhMZ03hPCChVrma7hEQO6WORi7K2_OiLiEpNV2R6Q=s48-c-k-c0xffffffff-no-rj-mo,http://www.youtube.com/channel/UCMb7zodUiWJrJgZsueupsQw,True,none,0,2021-04-23T05:32:38Z,2021-04-23T05:32:38Z,2021-04-23,23:10:37
UgwZo_ya8DGpLCybDch4AaABAg.9MSHhWj3ezc9MTFANkK0Jt,q1lCEB683O8,https://www.youtube.com/watch?v=q1lCEB683O8,https://www.youtube.com/watch?v=q1lCEB683O8&lc=UgwZo_ya8DGpLCybDch4AaABAg.9MSHhWj3ezc9MTFANkK0Jt,Si,UgwZo_ya8DGpLCybDch4AaABAg,Daniela Ballesteros,https://yt3.ggpht.com/ytc/AAUvwngQMIW4Lr-BOnZKukuHPZ2zIrZY5fw1VqAO_w=s48-c-k-c0xffffffff-no-rj-mo,http://www.youtube.com/channel/UC043c0F8qvjtJxWrQ8rILXw,True,none,0,2021-04-23T04:59:05Z,2021-04-23T04:59:05Z,2021-04-23,23:10:37
UgzACz_mJL7riN2xTCB4AaABAg.9MSGZYd9dJi9MUFeiByw3z,q1lCEB683O8,https://www.youtube.com/watch?v=q1lCEB683O8,https://www.youtube.com/watch?v=q1lCEB683O8&lc=UgzACz_mJL7riN2xTCB4AaABAg.9MSGZYd9dJi9MUFeiByw3z,Xd,UgzACz_mJL7riN2xTCB4AaABAg,Alex stars,https://yt3.ggpht.com/ytc/AAUvwniO7a9DCrizmUyAVD9pEtVv5DGycd27IV2phK6yRQ=s48-c-k-c0xffffffff-no-rj-mo,http://www.youtube.com/channel/UC6AUyzzLW5mTkak2ifpeKkQ,True,none,0,2021-04-23T14:22:36Z,2021-04-23T14:22:36Z,2021-04-23,23:10:37
UgzACz_mJL7riN2xTCB4AaABAg.9MSGZYd9dJi9MU1NmU2J05,q1lCEB683O8,https://www.youtube.com/watch?v=q1lCEB683O8,https://www.youtube.com/watch?v=q1lCEB683O8&lc=UgzACz_mJL7riN2xTCB4AaABAg.9MSGZYd9dJi9MU1NmU2J05,F en el minuto 3:2 ala derecha XD alli esta el mono,UgzACz_mJL7riN2xTCB4AaABAg,rocio torres,https://yt3.ggpht.com/ytc/AAUvwnhsjvktieuuCviXI6tBHnjRTl2nNBuH07HRWtLo=s48-c-k-c0xffffffff-no-rj-mo,http://www.youtube.com/channel/UCO1l5AxEoFBmDXXPuRxoTZQ,True,none,0,2021-04-23T12:17:49Z,2021-04-23T12:17:49Z,2021-04-23,23:10:37
UgzACz_mJL7riN2xTCB4AaABAg.9MSGZYd9dJi9MTPEW4cvTf,q1lCEB683O8,https://www.youtube.com/watch?v=q1lCEB683O8,https://www.youtube.com/watch?v=q1lCEB683O8&lc=UgzACz_mJL7riN2xTCB4AaABAg.9MSGZYd9dJi9MTPEW4cvTf,"vanesa,qu√© significa la F?",UgzACz_mJL7riN2xTCB4AaABAg,O S,https://yt3.ggpht.com/ytc/AAUvwnhbR7RmBNuAiw985HHkYAB9pEQDoglIumoJXJTplQ=s48-c-k-c0xffffffff-no-rj-mo,http://www.youtube.com/channel/UCZz-whxDt3o499nhk7Ww4og,True,none,0,2021-04-23T06:27:02Z,2021-04-23T06:27:02Z,2021-04-23,23:10:37
UgzACz_mJL7riN2xTCB4AaABAg.9MSGZYd9dJi9MT1hGfSGZd,q1lCEB683O8,https://www.youtube.com/watch?v=q1lCEB683O8,https://www.youtube.com/watch?v=q1lCEB683O8&lc=UgzACz_mJL7riN2xTCB4AaABAg.9MSGZYd9dJi9MT1hGfSGZd,Jajaja üòÜüòÇ,UgzACz_mJL7riN2xTCB4AaABAg,las locas aventuras de Dania,https://yt3.ggpht.com/ytc/AAUvwnj3nnBi7-fBe5wGCGDO64uwSV_y9z4po81K_HpZ_Q=s48-c-k-c0xffffffff-no-rj-mo,http://www.youtube.com/channel/UC5G0PP6aRdPADDctQC97IlA,True,none,0,2021-04-23T03:01:23Z,2021-04-23T03:01:23Z,2021-04-23,23:10:37
UgzACz_mJL7riN2xTCB4AaABAg.9MSGZYd9dJi9MT0WNqmA-W,q1lCEB683O8,https://www.youtube.com/watch?v=q1lCEB683O8,https://www.youtube.com/watch?v=q1lCEB683O8&lc=UgzACz_mJL7riN2xTCB4AaABAg.9MSGZYd9dJi9MT0WNqmA-W,Es verdad xD,UgzACz_mJL7riN2xTCB4AaABAg,Marina,https://yt3.ggpht.com/ytc/AAUvwnjyvv1mlxJCPwYLoKzETE4OmBPpBxTbD0lXJznOwQ=s48-c-k-c0xffffffff-no-rj-mo,http://www.youtube.com/channel/UCcAP7AycTRYmHRVXPP_UGKQ,True,none,0,2021-04-23T02:51:01Z,2021-04-23T02:51:01Z,2021-04-23,23:10:37
Ugw_G175HeDkxxuQH994AaABAg.9MSFtTs1z239MT8YGoVSrP,q1lCEB683O8,https://www.youtube.com/watch?v=q1lCEB683O8,https://www.youtube.com/watch?v=q1lCEB683O8&lc=Ugw_G175HeDkxxuQH994AaABAg.9MSFtTs1z239MT8YGoVSrP,Siwey,Ugw_G175HeDkxxuQH994AaABAg,Jos√≠as Vallovera,https://yt3.ggpht.com/ytc/AAUvwnhtWoemzMqpSJPItA_jG_1AermvgoqavocUyxK49Ts=s48-c-k-c0xffffffff-no-rj-mo,http://www.youtube.com/channel/UCDT2GZrwPgRjDWHXWxSG8ZQ,True,none,0,2021-04-23T04:01:11Z,2021-04-23T04:01:11Z,2021-04-23,23:10:37
Ugw_G175HeDkxxuQH994AaABAg.9MSFtTs1z239MT1TtJUWtX,q1lCEB683O8,https://www.youtube.com/watch?v=q1lCEB683O8,https://www.youtube.com/watch?v=q1lCEB683O8&lc=Ugw_G175HeDkxxuQH994AaABAg.9MSFtTs1z239MT1TtJUWtX,üò¨ü•®üïäÔ∏èü¶¢‚ò∫Ô∏èüëçüëçüëçüëçüëçüëç,Ugw_G175HeDkxxuQH994AaABAg,Maria Marin,https://yt3.ggpht.com/ytc/AAUvwngzG1yIrGJwSUMOrpPtqtez90Zm7Q5v8dDa0w=s48-c-k-c0xffffffff-no-rj-mo,http://www.youtube.com/channel/UCEQ-V7OS0atr8TqRWsT0v1g,True,none,1,2021-04-23T02:59:25Z,2021-04-23T02:59:25Z,2021-04-23,23:10:37
Ugw_G175HeDkxxuQH994AaABAg.9MSFtTs1z239MT1OlRwHDe,q1lCEB683O8,https://www.youtube.com/watch?v=q1lCEB683O8,https://www.youtube.com/watch?v=q1lCEB683O8&lc=Ugw_G175HeDkxxuQH994AaABAg.9MSFtTs1z239MT1OlRwHDe,:3,Ugw_G175HeDkxxuQH994AaABAg,luz ayra G√≥mez alvarez,https://yt3.ggpht.com/ytc/AAUvwnhsF0WkRMfooeRXj473jjdua6ScdwppOYjNfdXu-Q=s48-c-k-c0xffffffff-no-rj-mo,http://www.youtube.com/channel/UCTXW3KDhWlZBHkbERrxojOg,True,none,0,2021-04-23T02:58:43Z,2021-04-23T02:58:43Z,2021-04-23,23:10:37
Ugw_G175HeDkxxuQH994AaABAg.9MSFtTs1z239MT0lE0BKrT,q1lCEB683O8,https://www.youtube.com/watch?v=q1lCEB683O8,https://www.youtube.com/watch?v=q1lCEB683O8&lc=Ugw_G175HeDkxxuQH994AaABAg.9MSFtTs1z239MT0lE0BKrT,Sierto,Ugw_G175HeDkxxuQH994AaABAg,ANNY ANDRY ASEMBERTH,https://yt3.ggpht.com/ytc/AAUvwnh27nIiGsBbUyIgL2M7HjTq9UsFgNg1AmZyAMIy=s48-c-k-c0xffffffff-no-rj-mo,http://www.youtube.com/channel/UC9Zey_ZjK1yuEDnD7jk1JjQ,True,none,0,2021-04-23T02:53:11Z,2021-04-23T02:53:11Z,2021-04-23,23:10:37
Ugw_G175HeDkxxuQH994AaABAg.9MSFtTs1z239MSrkfsbfa8,q1lCEB683O8,https://www.youtube.com/watch?v=q1lCEB683O8,https://www.youtube.com/watch?v=q1lCEB683O8&lc=Ugw_G175HeDkxxuQH994AaABAg.9MSFtTs1z239MSrkfsbfa8,Esa inocensia yo queria el ventilador.,Ugw_G175HeDkxxuQH994AaABAg,luces magicas,https://yt3.ggpht.com/ytc/AAUvwnhHjPsWGABBwpScPXfhIPZ9RWakg3wqm0MIT1lu=s48-c-k-c0xffffffff-no-rj-mo,http://www.youtube.com/channel/UCMZBTRTcGx0Axtzb3Gn7oCQ,True,none,1,2021-04-23T01:25:43Z,2021-04-23T01:25:43Z,2021-04-23,23:10:37
Ugx1pR9-whKiEsltEfh4AaABAg.9MSFefDO8PN9MT5VRtdw_h,q1lCEB683O8,https://www.youtube.com/watch?v=q1lCEB683O8,https://www.youtube.com/watch?v=q1lCEB683O8&lc=Ugx1pR9-whKiEsltEfh4AaABAg.9MSFefDO8PN9MT5VRtdw_h,Si sierto ü§£ü§£ü§£ü§£,Ugx1pR9-whKiEsltEfh4AaABAg,Gabi Mu√±oz,https://yt3.ggpht.com/ytc/AAUvwnipXosQwAvT1rN031L-4gIqxh5kyuXEOIxOwHjnqQ=s48-c-k-c0xffffffff-no-rj-mo,http://www.youtube.com/channel/UCS5kzDsa2sUwya6pO64PyfQ,True,none,1,2021-04-23T03:34:35Z,2021-04-23T03:34:35Z,2021-04-23,23:10:37
Ugx1pR9-whKiEsltEfh4AaABAg.9MSFefDO8PN9MSfFvdscmD,q1lCEB683O8,https://www.youtube.com/watch?v=q1lCEB683O8,https://www.youtube.com/watch?v=q1lCEB683O8&lc=Ugx1pR9-whKiEsltEfh4AaABAg.9MSFefDO8PN9MSfFvdscmD,Ah√≠*,Ugx1pR9-whKiEsltEfh4AaABAg,Rk _ Brawl Stars,https://yt3.ggpht.com/ytc/AAUvwnhTiC6DqHgcmguZXaottVrzJe7Ei8xytc_ZwjuLrA=s48-c-k-c0xffffffff-no-rj-mo,http://www.youtube.com/channel/UCO9QpZJ31RjESDR416J8TKg,True,none,0,2021-04-22T23:36:32Z,2021-04-22T23:36:32Z,2021-04-23,23:10:37
Ugy91-74sR1MfWNTgVh4AaABAg.9MSFN4DMctl9MT1138w8XL,q1lCEB683O8,https://www.youtube.com/watch?v=q1lCEB683O8,https://www.youtube.com/watch?v=q1lCEB683O8&lc=Ugy91-74sR1MfWNTgVh4AaABAg.9MSFN4DMctl9MT1138w8XL,@L j si,Ugy91-74sR1MfWNTgVh4AaABAg,no soy ALBERT EINSTEIN,https://yt3.ggpht.com/ytc/AAUvwnhL3SlOHK9iQOxVeW9o_wuZ0rSznrBUv7dcBus6=s48-c-k-c0xffffffff-no-rj-mo,http://www.youtube.com/channel/UCJgORHngZjMe-ohBRw0-tDg,True,none,0,2021-04-23T02:55:29Z,2021-04-23T02:55:29Z,2021-04-23,23:10:37
Ugy91-74sR1MfWNTgVh4AaABAg.9MSFN4DMctl9MSWAxlgxKK,q1lCEB683O8,https://www.youtube.com/watch?v=q1lCEB683O8,https://www.youtube.com/watch?v=q1lCEB683O8&lc=Ugy91-74sR1MfWNTgVh4AaABAg.9MSFN4DMctl9MSWAxlgxKK,"Tlj. Esperaba, pusiera a lavar alguna prenda de barbie",Ugy91-74sR1MfWNTgVh4AaABAg,L j,https://yt3.ggpht.com/ytc/AAUvwnheSRC-n857YnvF_WbT_JQ_tVlezb7xkfmSHNWkig=s48-c-k-c0xffffffff-no-rj-mo,http://www.youtube.com/channel/UCaBDy4d_ajOPT7cjOgohjaA,True,none,3,2021-04-22T22:08:28Z,2021-04-22T22:08:28Z,2021-04-23,23:10:37
UgwIR991Ow1LFioT6IJ4AaABAg.9MSFM1FO3lo9MSUL7Jfkyd,q1lCEB683O8,https://www.youtube.com/watch?v=q1lCEB683O8,https://www.youtube.com/watch?v=q1lCEB683O8&lc=UgwIR991Ow1LFioT6IJ4AaABAg.9MSFM1FO3lo9MSUL7Jfkyd,s√≠ xd,UgwIR991Ow1LFioT6IJ4AaABAg,Kenyi Pinedo freyre,https://yt3.ggpht.com/ytc/AAUvwngNnskh-68va3R93n1NBWrEYIcE6tZIkL9DoA=s48-c-k-c0xffffffff-no-rj-mo,http://www.youtube.com/channel/UCSVT6H_R0Gx-AVLg9rmowOQ,True,none,0,2021-04-22T21:52:23Z,2021-04-22T21:52:23Z,2021-04-23,23:10:37
UgyprpVap3h3gbcjch94AaABAg.9MSEowHGY2c9MSGirsvXcM,q1lCEB683O8,https://www.youtube.com/watch?v=q1lCEB683O8,https://www.youtube.com/watch?v=q1lCEB683O8&lc=UgyprpVap3h3gbcjch94AaABAg.9MSEowHGY2c9MSGirsvXcM,üí©üí©üí©üí©üí©üí©üí©üí©üí©üí©,UgyprpVap3h3gbcjch94AaABAg,elizabet Velasquez,https://yt3.ggpht.com/ytc/AAUvwnhmBpGJAtyILiExSsIAXsR-2GtHkXmPTtHb9g=s48-c-k-c0xffffffff-no-rj-mo,http://www.youtube.com/channel/UCuiAWRn6fefJ87R3G-bCcuA,True,none,0,2021-04-22T19:53:26Z,2021-04-22T19:53:26Z,2021-04-23,23:10:37
UgyQuBh6H94g4PcOmmB4AaABAg.9MSEluvatXA9MT3Dt-XuFn,q1lCEB683O8,https://www.youtube.com/watch?v=q1lCEB683O8,https://www.youtube.com/watch?v=q1lCEB683O8&lc=UgyQuBh6H94g4PcOmmB4AaABAg.9MSEluvatXA9MT3Dt-XuFn,Lo vi al mono atr√°s üòÑ,UgyQuBh6H94g4PcOmmB4AaABAg,Gloria Mi√±aur,https://yt3.ggpht.com/ytc/AAUvwngbnPsY_E1HfLpza0KlYKg0y8qGF0XAZ_LL=s48-c-k-c0xffffffff-no-rj-mo,http://www.youtube.com/channel/UC9IettTsoiceuWwyeCF60sg,True,none,1,2021-04-23T03:14:42Z,2021-04-23T03:14:42Z,2021-04-23,23:10:37
UgyQuBh6H94g4PcOmmB4AaABAg.9MSEluvatXA9MSU3Zxovak,q1lCEB683O8,https://www.youtube.com/watch?v=q1lCEB683O8,https://www.youtube.com/watch?v=q1lCEB683O8&lc=UgyQuBh6H94g4PcOmmB4AaABAg.9MSEluvatXA9MSU3Zxovak,:v,UgyQuBh6H94g4PcOmmB4AaABAg,Aldea Fruta,https://yt3.ggpht.com/ytc/AAUvwnja2JqamDar1oO6TSfVTOhqflB_JgGWAqz_0TY3ZA=s48-c-k-c0xffffffff-no-rj-mo,http://www.youtube.com/channel/UCJGGVXjAWXa4VZoDtBqTYig,True,none,1,2021-04-22T21:49:59Z,2021-04-22T21:49:59Z,2021-04-23,23:10:37
UgyQuBh6H94g4PcOmmB4AaABAg.9MSEluvatXA9MSQ_hc8o_h,q1lCEB683O8,https://www.youtube.com/watch?v=q1lCEB683O8,https://www.youtube.com/watch?v=q1lCEB683O8&lc=UgyQuBh6H94g4PcOmmB4AaABAg.9MSEluvatXA9MSQ_hc8o_h,Han visto el mono? :&gt;,UgyQuBh6H94g4PcOmmB4AaABAg,ÍßÅ„Ç∑sind√™l„Ç∑ÍßÇ,https://yt3.ggpht.com/ytc/AAUvwnjFxwtWKYBz7GCNHp23bF1dgGW1zagJmOj_7zuEtQ=s48-c-k-c0xffffffff-no-rj-mo,http://www.youtube.com/channel/UCZRn4ZIAMmW7Oxz4YcqTcxg,True,none,6,2021-04-22T21:19:33Z,2021-04-22T21:19:33Z,2021-04-23,23:10:37
UgyQuBh6H94g4PcOmmB4AaABAg.9MSEluvatXA9MSL7qPumXL,q1lCEB683O8,https://www.youtube.com/watch?v=q1lCEB683O8,https://www.youtube.com/watch?v=q1lCEB683O8&lc=UgyQuBh6H94g4PcOmmB4AaABAg.9MSEluvatXA9MSL7qPumXL,Zi xDDDDDDD,UgyQuBh6H94g4PcOmmB4AaABAg,miku-kun :D,https://yt3.ggpht.com/ytc/AAUvwnj-m1h3B0z2sT0_6N7jx53bAHpAMHFz3puAwdAnSR4=s48-c-k-c0xffffffff-no-rj-mo,http://www.youtube.com/channel/UCkcEiNgQkBVlCrLHnSHmErA,True,none,2,2021-04-22T20:31:56Z,2021-04-22T20:31:56Z,2021-04-23,23:10:37
UgyQuBh6H94g4PcOmmB4AaABAg.9MSEluvatXA9MSFLpTFT5M,q1lCEB683O8,https://www.youtube.com/watch?v=q1lCEB683O8,https://www.youtube.com/watch?v=q1lCEB683O8&lc=UgyQuBh6H94g4PcOmmB4AaABAg.9MSEluvatXA9MSFLpTFT5M,si xd,UgyQuBh6H94g4PcOmmB4AaABAg,Alesandra Alberdi Tapia,https://yt3.ggpht.com/ytc/AAUvwngEUoKGRJQou5FGXi2s-sDrZ9ke35J4KQrWPfqh=s48-c-k-c0xffffffff-no-rj-mo,http://www.youtube.com/channel/UCxXWd4Qcw1TKqyX0JH4pOCA,True,none,5,2021-04-22T19:41:24Z,2021-04-22T19:41:24Z,2021-04-23,23:10:37
UgyjL7sQWDdjT-JjA_l4AaABAg.9MSESpm-3y79MSWOZLdhny,q1lCEB683O8,https://www.youtube.com/watch?v=q1lCEB683O8,https://www.youtube.com/watch?v=q1lCEB683O8&lc=UgyjL7sQWDdjT-JjA_l4AaABAg.9MSESpm-3y79MSWOZLdhny,:) xd,UgyjL7sQWDdjT-JjA_l4AaABAg,Kenyi Pinedo freyre,https://yt3.ggpht.com/ytc/AAUvwngNnskh-68va3R93n1NBWrEYIcE6tZIkL9DoA=s48-c-k-c0xffffffff-no-rj-mo,http://www.youtube.com/channel/UCSVT6H_R0Gx-AVLg9rmowOQ,True,none,0,2021-04-22T22:10:20Z,2021-04-22T22:10:20Z,2021-04-23,23:10:37
Ugx2oR1sUUkQW6RBTl94AaABAg.9MSEPSGWE5i9MSMKhqF6ng,q1lCEB683O8,https://www.youtube.com/watch?v=q1lCEB683O8,https://www.youtube.com/watch?v=q1lCEB683O8&lc=Ugx2oR1sUUkQW6RBTl94AaABAg.9MSEPSGWE5i9MSMKhqF6ng,Es unE fijador de hojas pero rara :v,Ugx2oR1sUUkQW6RBTl94AaABAg,LAKE754,https://yt3.ggpht.com/ytc/AAUvwnjw2wmYRUxXT1Q9oVJyT2nEGfVkvIhGfXyJzSbcbw=s48-c-k-c0xffffffff-no-rj-mo,http://www.youtube.com/channel/UC2b08hyvrcAPY4Q1Pg6qPGw,True,none,9,2021-04-22T20:42:25Z,2021-04-22T20:42:25Z,2021-04-23,23:10:38
UgztsSQOyFniWIUOled4AaABAg.9MSEJM6eT8M9MSPS8Kz_Vw,q1lCEB683O8,https://www.youtube.com/watch?v=q1lCEB683O8,https://www.youtube.com/watch?v=q1lCEB683O8&lc=UgztsSQOyFniWIUOled4AaABAg.9MSEJM6eT8M9MSPS8Kz_Vw,Si8iiiiii,UgztsSQOyFniWIUOled4AaABAg,Carlos Rojas.,https://yt3.ggpht.com/ytc/AAUvwniVjBj9Od_YWYWLFpotx9IdMHUOVbEjV_3VZI-Jig=s48-c-k-c0xffffffff-no-rj-mo,http://www.youtube.com/channel/UCYKRZlsBR0_AAVCx1UJtzKg,True,none,1,2021-04-22T21:09:39Z,2021-04-22T21:09:39Z,2021-04-23,23:10:38
UgztsSQOyFniWIUOled4AaABAg.9MSEJM6eT8M9MSPRKowQiz,q1lCEB683O8,https://www.youtube.com/watch?v=q1lCEB683O8,https://www.youtube.com/watch?v=q1lCEB683O8&lc=UgztsSQOyFniWIUOled4AaABAg.9MSEJM6eT8M9MSPRKowQiz,Siiiiiiiii,UgztsSQOyFniWIUOled4AaABAg,Carlos Rojas.,https://yt3.ggpht.com/ytc/AAUvwniVjBj9Od_YWYWLFpotx9IdMHUOVbEjV_3VZI-Jig=s48-c-k-c0xffffffff-no-rj-mo,http://www.youtube.com/channel/UCYKRZlsBR0_AAVCx1UJtzKg,True,none,1,2021-04-22T21:09:32Z,2021-04-22T21:09:32Z,2021-04-23,23:10:38
UgztsSQOyFniWIUOled4AaABAg.9MSEJM6eT8M9MSPQgYHpkP,q1lCEB683O8,https://www.youtube.com/watch?v=q1lCEB683O8,https://www.youtube.com/watch?v=q1lCEB683O8&lc=UgztsSQOyFniWIUOled4AaABAg.9MSEJM6eT8M9MSPQgYHpkP,Siiiiiii,UgztsSQOyFniWIUOled4AaABAg,Carlos Rojas.,https://yt3.ggpht.com/ytc/AAUvwniVjBj9Od_YWYWLFpotx9IdMHUOVbEjV_3VZI-Jig=s48-c-k-c0xffffffff-no-rj-mo,http://www.youtube.com/channel/UCYKRZlsBR0_AAVCx1UJtzKg,True,none,1,2021-04-22T21:09:27Z,2021-04-22T21:09:27Z,2021-04-23,23:10:38
UgztsSQOyFniWIUOled4AaABAg.9MSEJM6eT8M9MSPQ3lBVIx,q1lCEB683O8,https://www.youtube.com/watch?v=q1lCEB683O8,https://www.youtube.com/watch?v=q1lCEB683O8&lc=UgztsSQOyFniWIUOled4AaABAg.9MSEJM6eT8M9MSPQ3lBVIx,Siiiiiii,UgztsSQOyFniWIUOled4AaABAg,Carlos Rojas.,https://yt3.ggpht.com/ytc/AAUvwniVjBj9Od_YWYWLFpotx9IdMHUOVbEjV_3VZI-Jig=s48-c-k-c0xffffffff-no-rj-mo,http://www.youtube.com/channel/UCYKRZlsBR0_AAVCx1UJtzKg,True,none,1,2021-04-22T21:09:22Z,2021-04-22T21:09:22Z,2021-04-23,23:10:38
UgztsSQOyFniWIUOled4AaABAg.9MSEJM6eT8M9MSPPK8CuZQ,q1lCEB683O8,https://www.youtube.com/watch?v=q1lCEB683O8,https://www.youtube.com/watch?v=q1lCEB683O8&lc=UgztsSQOyFniWIUOled4AaABAg.9MSEJM6eT8M9MSPPK8CuZQ,Siiiiii,UgztsSQOyFniWIUOled4AaABAg,Carlos Rojas.,https://yt3.ggpht.com/ytc/AAUvwniVjBj9Od_YWYWLFpotx9IdMHUOVbEjV_3VZI-Jig=s48-c-k-c0xffffffff-no-rj-mo,http://www.youtube.com/channel/UCYKRZlsBR0_AAVCx1UJtzKg,True,none,1,2021-04-22T21:09:16Z,2021-04-22T21:09:16Z,2021-04-23,23:10:38
UgxximxR9D2EE0KNjhF4AaABAg.9MSEG4I_B0M9MSUOjywEm5,q1lCEB683O8,https://www.youtube.com/watch?v=q1lCEB683O8,https://www.youtube.com/watch?v=q1lCEB683O8&lc=UgxximxR9D2EE0KNjhF4AaABAg.9MSEG4I_B0M9MSUOjywEm5,si F xd,UgxximxR9D2EE0KNjhF4AaABAg,Kenyi Pinedo freyre,https://yt3.ggpht.com/ytc/AAUvwngNnskh-68va3R93n1NBWrEYIcE6tZIkL9DoA=s48-c-k-c0xffffffff-no-rj-mo,http://www.youtube.com/channel/UCSVT6H_R0Gx-AVLg9rmowOQ,True,none,0,2021-04-22T21:52:53Z,2021-04-22T21:52:53Z,2021-04-23,23:10:38
UgxximxR9D2EE0KNjhF4AaABAg.9MSEG4I_B0M9MSO7E5Icap,q1lCEB683O8,https://www.youtube.com/watch?v=q1lCEB683O8,https://www.youtube.com/watch?v=q1lCEB683O8&lc=UgxximxR9D2EE0KNjhF4AaABAg.9MSEG4I_B0M9MSO7E5Icap,XD,UgxximxR9D2EE0KNjhF4AaABAg,Jose Vargas,https://yt3.ggpht.com/ytc/AAUvwnjfiyvXryndrLmkroPjwM_m4Jf4-PN5uQiEPiCA=s48-c-k-c0xffffffff-no-rj-mo,http://www.youtube.com/channel/UCfs4icYJCUAIrGi2llLGbBQ,True,none,0,2021-04-22T20:58:03Z,2021-04-22T20:58:03Z,2021-04-23,23:10:38
Ugzs6H_jSI2oLnYZikp4AaABAg.9MSE8EhrYab9MSGjQU-VLE,q1lCEB683O8,https://www.youtube.com/watch?v=q1lCEB683O8,https://www.youtube.com/watch?v=q1lCEB683O8&lc=Ugzs6H_jSI2oLnYZikp4AaABAg.9MSE8EhrYab9MSGjQU-VLE,SiiiiiiiiiiiiiiiiiüòÄ,Ugzs6H_jSI2oLnYZikp4AaABAg,Marissa Velez,https://yt3.ggpht.com/ytc/AAUvwnglP083tXcoD5Q1UZ3cLSMNTxVTNHAP-aSP8w=s48-c-k-c0xffffffff-no-rj-mo,http://www.youtube.com/channel/UCUDbZQu0Y1Op1xf-j4F2Y8A,True,none,0,2021-04-22T19:53:30Z,2021-04-22T19:53:30Z,2021-04-23,23:10:38
UgwIhHlwcF1RMxZmRal4AaABAg.9MSE7ooacjv9MTRc6xK9ID,q1lCEB683O8,https://www.youtube.com/watch?v=q1lCEB683O8,https://www.youtube.com/watch?v=q1lCEB683O8&lc=UgwIhHlwcF1RMxZmRal4AaABAg.9MSE7ooacjv9MTRc6xK9ID,Grande la que comes üòàüôèüî•,UgwIhHlwcF1RMxZmRal4AaABAg,Angel Samek,https://yt3.ggpht.com/ytc/AAUvwnij-GX5r8RYyiPePkFYEcL1W1CgwJDRQUA9Vw=s48-c-k-c0xffffffff-no-rj-mo,http://www.youtube.com/channel/UCBklxFMTGk0BAnM366J3Zrw,True,none,2,2021-04-23T06:47:52Z,2021-04-23T06:47:52Z,2021-04-23,23:10:38
UgzECo-8BSIXL2VsCo14AaABAg.9MSE7NX8_ME9MTn8RuY3my,q1lCEB683O8,https://www.youtube.com/watch?v=q1lCEB683O8,https://www.youtube.com/watch?v=q1lCEB683O8&lc=UgzECo-8BSIXL2VsCo14AaABAg.9MSE7NX8_ME9MTn8RuY3my,@Marcos711 x4,UgzECo-8BSIXL2VsCo14AaABAg,Perdiendo la f√© en la humanidad,https://yt3.ggpht.com/ytc/AAUvwnjUOEBeY8g4kMjFKMMU0px0KxyyvHa0oA4IvOH5ln8=s48-c-k-c0xffffffff-no-rj-mo,http://www.youtube.com/channel/UCpTx_8JfRSwjSfICDqtYa_g,True,none,0,2021-04-23T10:04:39Z,2021-04-23T10:04:39Z,2021-04-23,23:10:38
UgzECo-8BSIXL2VsCo14AaABAg.9MSE7NX8_ME9MTOE0PSKpn,q1lCEB683O8,https://www.youtube.com/watch?v=q1lCEB683O8,https://www.youtube.com/watch?v=q1lCEB683O8&lc=UgzECo-8BSIXL2VsCo14AaABAg.9MSE7NX8_ME9MTOE0PSKpn,X3,UgzECo-8BSIXL2VsCo14AaABAg,Marcos711,https://yt3.ggpht.com/ytc/AAUvwnhy3S-CivcWLLk1V9MpqBK0s1kFsmuFBXIINsR-6A=s48-c-k-c0xffffffff-no-rj-mo,http://www.youtube.com/channel/UCpuDXqrthyp1uPHa_9J22Zw,True,none,0,2021-04-23T06:18:13Z,2021-04-23T06:18:13Z,2021-04-23,23:10:38
UgzECo-8BSIXL2VsCo14AaABAg.9MSE7NX8_ME9MSweuPhNHK,q1lCEB683O8,https://www.youtube.com/watch?v=q1lCEB683O8,https://www.youtube.com/watch?v=q1lCEB683O8&lc=UgzECo-8BSIXL2VsCo14AaABAg.9MSE7NX8_ME9MSweuPhNHK,Aaaaaaaamigo,UgzECo-8BSIXL2VsCo14AaABAg,Manolo cdrg,https://yt3.ggpht.com/ytc/AAUvwnja0QUadmKKUyJpfr5kZtaY5dhEmR-P1Tp_Ik_VWA=s48-c-k-c0xffffffff-no-rj-mo,http://www.youtube.com/channel/UCconE16zCQOlwxl-NCNdRGA,True,none,1,2021-04-23T02:08:38Z,2021-04-23T02:08:38Z,2021-04-23,23:10:38
UgzECo-8BSIXL2VsCo14AaABAg.9MSE7NX8_ME9MSqZrGbNBA,q1lCEB683O8,https://www.youtube.com/watch?v=q1lCEB683O8,https://www.youtube.com/watch?v=q1lCEB683O8&lc=UgzECo-8BSIXL2VsCo14AaABAg.9MSE7NX8_ME9MSqZrGbNBA,X2,UgzECo-8BSIXL2VsCo14AaABAg,Leonardo Akrum,https://yt3.ggpht.com/ytc/AAUvwnhDM2YHwIBQ159W0i9qGW7HBnX_VrGJL4sOhTtSKg=s48-c-k-c0xffffffff-no-rj-mo,http://www.youtube.com/channel/UCm4U0rWGKdGMEfkkgyhV7dA,True,none,2,2021-04-23T01:15:22Z,2021-04-23T01:15:22Z,2021-04-23,23:10:38
UgzECo-8BSIXL2VsCo14AaABAg.9MSE7NX8_ME9MSmUJjIgIw,q1lCEB683O8,https://www.youtube.com/watch?v=q1lCEB683O8,https://www.youtube.com/watch?v=q1lCEB683O8&lc=UgzECo-8BSIXL2VsCo14AaABAg.9MSE7NX8_ME9MSmUJjIgIw,C√≥mo funciona? ü§î,UgzECo-8BSIXL2VsCo14AaABAg,Holandra Castro Moreno,https://yt3.ggpht.com/ytc/AAUvwngTTwDxvongYtnutb9CVjXyEXfUGgWWNtxN6w=s48-c-k-c0xffffffff-no-rj-mo,http://www.youtube.com/channel/UCoaK7KOHYmB-EYvtYqy2ENw,True,none,3,2021-04-23T00:39:40Z,2021-04-23T00:39:40Z,2021-04-23,23:10:38
UgwD5pzoUttzq-PQC894AaABAg.9MSDZKxfmv29MSEbVx1zq8,q1lCEB683O8,https://www.youtube.com/watch?v=q1lCEB683O8,https://www.youtube.com/watch?v=q1lCEB683O8&lc=UgwD5pzoUttzq-PQC894AaABAg.9MSDZKxfmv29MSEbVx1zq8,Verdad perd√≥n,UgwD5pzoUttzq-PQC894AaABAg,Jazmin Sosa,https://yt3.ggpht.com/ytc/AAUvwnhqBirxh0e7RFyorygfbq3QhSibK_0mX4Ik80Ed=s48-c-k-c0xffffffff-no-rj-mo,http://www.youtube.com/channel/UCNaYUBpgg6JPYakQbVjUK3w,True,none,0,2021-04-22T19:34:57Z,2021-04-22T19:34:57Z,2021-04-23,23:10:38
UgwD5pzoUttzq-PQC894AaABAg.9MSDZKxfmv29MSEaQbAxeT,q1lCEB683O8,https://www.youtube.com/watch?v=q1lCEB683O8,https://www.youtube.com/watch?v=q1lCEB683O8&lc=UgwD5pzoUttzq-PQC894AaABAg.9MSDZKxfmv29MSEaQbAxeT,Paso de verano,UgwD5pzoUttzq-PQC894AaABAg,Jazmin Sosa,https://yt3.ggpht.com/ytc/AAUvwnhqBirxh0e7RFyorygfbq3QhSibK_0mX4Ik80Ed=s48-c-k-c0xffffffff-no-rj-mo,http://www.youtube.com/channel/UCNaYUBpgg6JPYakQbVjUK3w,True,none,0,2021-04-22T19:34:48Z,2021-04-22T19:34:48Z,2021-04-23,23:10:38
Ugw3keBO8urJ6opBYx54AaABAg.9MSDUOjjnGt9MSvLyZVhOs,q1lCEB683O8,https://www.youtube.com/watch?v=q1lCEB683O8,https://www.youtube.com/watch?v=q1lCEB683O8&lc=Ugw3keBO8urJ6opBYx54AaABAg.9MSDUOjjnGt9MSvLyZVhOs,Si,Ugw3keBO8urJ6opBYx54AaABAg,Jos√© Alfredo Irigollen Meza,https://yt3.ggpht.com/ytc/AAUvwnjKkmJ8NDK7zkTwv_S4fu1N5_nsDiejU7zmHA=s48-c-k-c0xffffffff-no-rj-mo,http://www.youtube.com/channel/UCPGB7ydvfWSk8IedY0LBNqA,True,none,0,2021-04-23T01:57:10Z,2021-04-23T01:57:10Z,2021-04-23,23:10:38
Ugw7FO176Ci4pxpG0Ix4AaABAg.9MSDOYRMmHG9MSOQQBsvjw,q1lCEB683O8,https://www.youtube.com/watch?v=q1lCEB683O8,https://www.youtube.com/watch?v=q1lCEB683O8&lc=Ugw7FO176Ci4pxpG0Ix4AaABAg.9MSDOYRMmHG9MSOQQBsvjw,2- bienvenidos al gallinero de Mike vamos aya &quot;!,Ugw7FO176Ci4pxpG0Ix4AaABAg,Veronica Lira,https://yt3.ggpht.com/ytc/AAUvwng9fPmNI305I7iEWagMQ_WeNiCRbbGxBUSJtw=s48-c-k-c0xffffffff-no-rj-mo,http://www.youtube.com/channel/UCTn_REEczZWDsw823JHeBGg,True,none,1,2021-04-22T21:00:41Z,2021-04-22T21:00:41Z,2021-04-23,23:10:38
Ugw7FO176Ci4pxpG0Ix4AaABAg.9MSDOYRMmHG9MSLZ-tXL-I,q1lCEB683O8,https://www.youtube.com/watch?v=q1lCEB683O8,https://www.youtube.com/watch?v=q1lCEB683O8&lc=Ugw7FO176Ci4pxpG0Ix4AaABAg.9MSDOYRMmHG9MSLZ-tXL-I,@Mercedes Freytes XD,Ugw7FO176Ci4pxpG0Ix4AaABAg,Jose Vargas,https://yt3.ggpht.com/ytc/AAUvwnjfiyvXryndrLmkroPjwM_m4Jf4-PN5uQiEPiCA=s48-c-k-c0xffffffff-no-rj-mo,http://www.youtube.com/channel/UCfs4icYJCUAIrGi2llLGbBQ,True,none,1,2021-04-22T20:35:38Z,2021-04-22T20:35:38Z,2021-04-23,23:10:38
Ugw7FO176Ci4pxpG0Ix4AaABAg.9MSDOYRMmHG9MSLOlox3-L,q1lCEB683O8,https://www.youtube.com/watch?v=q1lCEB683O8,https://www.youtube.com/watch?v=q1lCEB683O8&lc=Ugw7FO176Ci4pxpG0Ix4AaABAg.9MSDOYRMmHG9MSLOlox3-L,4 frase bienvenidos a Juguetes con Mike,Ugw7FO176Ci4pxpG0Ix4AaABAg,Mercedes Freytes,https://yt3.ggpht.com/ytc/AAUvwnhmh_1LaysTrVULgqV4J577HWBIGOjGem7Gew=s48-c-k-c0xffffffff-no-rj-mo,http://www.youtube.com/channel/UCX3W-s90SprIJ9P5QmDi-9g,True,none,1,2021-04-22T20:34:14Z,2021-04-22T20:34:14Z,2021-04-23,23:10:38
Ugy1Qtn-ZeC6zFVrVWJ4AaABAg.9MSDGmXzu_C9MSNnPmhJK7,q1lCEB683O8,https://www.youtube.com/watch?v=q1lCEB683O8,https://www.youtube.com/watch?v=q1lCEB683O8&lc=Ugy1Qtn-ZeC6zFVrVWJ4AaABAg.9MSDGmXzu_C9MSNnPmhJK7,"<a href=""https://www.youtube.com/watch?v=q1lCEB683O8&amp;t=0m23s"">0:23</a><br />üòÇüòÇüòÇüòÇ",Ugy1Qtn-ZeC6zFVrVWJ4AaABAg,Jose Vargas,https://yt3.ggpht.com/ytc/AAUvwnjfiyvXryndrLmkroPjwM_m4Jf4-PN5uQiEPiCA=s48-c-k-c0xffffffff-no-rj-mo,http://www.youtube.com/channel/UCfs4icYJCUAIrGi2llLGbBQ,True,none,0,2021-04-22T20:55:13Z,2021-04-22T20:55:13Z,2021-04-23,23:10:38
UgwxLwe7M-dNYXDrRWV4AaABAg.9MSCpeq11H09MSLbJYM7OD,q1lCEB683O8,https://www.youtube.com/watch?v=q1lCEB683O8,https://www.youtube.com/watch?v=q1lCEB683O8&lc=UgwxLwe7M-dNYXDrRWV4AaABAg.9MSCpeq11H09MSLbJYM7OD,ü§£ü§£ü§£ü§£,UgwxLwe7M-dNYXDrRWV4AaABAg,Ezechiel Matis,https://yt3.ggpht.com/ytc/AAUvwnhNZJ77TL1GiUWXvyJz8j8Jm1CMDDzux0L9BRDj=s48-c-k-c0xffffffff-no-rj-mo,http://www.youtube.com/channel/UCON1B_JS0SQaIgPpM_rUAFA,True,none,2,2021-04-22T20:36:05Z,2021-04-22T20:36:05Z,2021-04-23,23:10:38
UgxAOIEMb1kzmyF2Y4B4AaABAg.9MSCnxTdHyB9MSHSWFRSVm,q1lCEB683O8,https://www.youtube.com/watch?v=q1lCEB683O8,https://www.youtube.com/watch?v=q1lCEB683O8&lc=UgxAOIEMb1kzmyF2Y4B4AaABAg.9MSCnxTdHyB9MSHSWFRSVm,Pues todos vivimos en M√©xico üòêüòê,UgxAOIEMb1kzmyF2Y4B4AaABAg,yelo Sanchez,https://yt3.ggpht.com/ytc/AAUvwnhs20unLPLg1Yw8Dka7Lnep9Rx_uOEwfvv4CzEU=s48-c-k-c0xffffffff-no-rj-mo,http://www.youtube.com/channel/UCK-3tmOjXz_DWS5R01Ldc1w,True,none,0,2021-04-22T19:59:48Z,2021-04-22T19:59:48Z,2021-04-23,23:10:38
UgwhcFwU-KOf9AYJDcB4AaABAg.9MSCk3IkLIa9MSUJtY0Z5h,q1lCEB683O8,https://www.youtube.com/watch?v=q1lCEB683O8,https://www.youtube.com/watch?v=q1lCEB683O8&lc=UgwhcFwU-KOf9AYJDcB4AaABAg.9MSCk3IkLIa9MSUJtY0Z5h,:v,UgwhcFwU-KOf9AYJDcB4AaABAg,Kenyi Pinedo freyre,https://yt3.ggpht.com/ytc/AAUvwngNnskh-68va3R93n1NBWrEYIcE6tZIkL9DoA=s48-c-k-c0xffffffff-no-rj-mo,http://www.youtube.com/channel/UCSVT6H_R0Gx-AVLg9rmowOQ,True,none,1,2021-04-22T21:52:13Z,2021-04-22T21:52:13Z,2021-04-23,23:10:38
UgyzOULS35L0mAt-Vah4AaABAg.9MSC7A3mYo89MSXf4ZK8S4,q1lCEB683O8,https://www.youtube.com/watch?v=q1lCEB683O8,https://www.youtube.com/watch?v=q1lCEB683O8&lc=UgyzOULS35L0mAt-Vah4AaABAg.9MSC7A3mYo89MSXf4ZK8S4,‚Å∞p,UgyzOULS35L0mAt-Vah4AaABAg,Sevas Argollo,https://yt3.ggpht.com/ytc/AAUvwniz_atV8uhLD3eghi4Wz14eOzECNUyuAMsJrQ=s48-c-k-c0xffffffff-no-rj-mo,http://www.youtube.com/channel/UCQppMnkmk4ZMKqbFHeZWv1g,True,none,0,2021-04-22T22:21:27Z,2021-04-22T22:21:27Z,2021-04-23,23:10:38
Ugwusn-bZgA6zs9je0p4AaABAg.9MSC73RISYt9MTuoZDXMPj,q1lCEB683O8,https://www.youtube.com/watch?v=q1lCEB683O8,https://www.youtube.com/watch?v=q1lCEB683O8&lc=Ugwusn-bZgA6zs9je0p4AaABAg.9MSC73RISYt9MTuoZDXMPj,Si erto üëç,Ugwusn-bZgA6zs9je0p4AaABAg,TATIANA Ben√≠tez Rojas,https://yt3.ggpht.com/ytc/AAUvwnhV2QK__i_-u3OfYIs_Wa_6vviEWi7o8RE9LAFt=s48-c-k-c0xffffffff-no-rj-mo,http://www.youtube.com/channel/UCR08xedi_ij832sx6kO-FkQ,True,none,0,2021-04-23T11:11:42Z,2021-04-23T11:11:42Z,2021-04-23,23:10:38
Ugwusn-bZgA6zs9je0p4AaABAg.9MSC73RISYt9MTNLR6lN_D,q1lCEB683O8,https://www.youtube.com/watch?v=q1lCEB683O8,https://www.youtube.com/watch?v=q1lCEB683O8&lc=Ugwusn-bZgA6zs9je0p4AaABAg.9MSC73RISYt9MTNLR6lN_D,Si lo vi,Ugwusn-bZgA6zs9je0p4AaABAg,Xochilt Ortiz,https://yt3.ggpht.com/ytc/AAUvwnj2FNjLzXQRZ5ufIIPeh2rm5mQpAjbdbhTKAA=s48-c-k-c0xffffffff-no-rj-mo,http://www.youtube.com/channel/UCrmLNhbhtJ-_UyMSGbcerUA,True,none,0,2021-04-23T06:10:30Z,2021-04-23T06:10:30Z,2021-04-23,23:10:38
Ugwusn-bZgA6zs9je0p4AaABAg.9MSC73RISYt9MTG5sCTONo,q1lCEB683O8,https://www.youtube.com/watch?v=q1lCEB683O8,https://www.youtube.com/watch?v=q1lCEB683O8&lc=Ugwusn-bZgA6zs9je0p4AaABAg.9MSC73RISYt9MTG5sCTONo,We medio miedo cuando lovi moviendose,Ugwusn-bZgA6zs9je0p4AaABAg,ISAAC_ TV,https://yt3.ggpht.com/ytc/AAUvwnhE18dUwCtPEZcP9Hbe1bTZaWKho7J4YWIETJRI=s48-c-k-c0xffffffff-no-rj-mo,http://www.youtube.com/channel/UCEDcQ2OugwgBi1bV_O3TDlA,True,none,0,2021-04-23T05:07:12Z,2021-04-23T05:07:12Z,2021-04-23,23:10:38
Ugwusn-bZgA6zs9je0p4AaABAg.9MSC73RISYt9MT67cco-vs,q1lCEB683O8,https://www.youtube.com/watch?v=q1lCEB683O8,https://www.youtube.com/watch?v=q1lCEB683O8&lc=Ugwusn-bZgA6zs9je0p4AaABAg.9MSC73RISYt9MT67cco-vs,yo tambi√©n lo vi ü§≠ cre√≠ q era mi imaginaci√≥n,Ugwusn-bZgA6zs9je0p4AaABAg,Scarlett Palma,https://yt3.ggpht.com/ytc/AAUvwng0Kg-TGlRuQw6gze0xhRbkay0zj71Uy3S-kdysKg=s48-c-k-c0xffffffff-no-rj-mo,http://www.youtube.com/channel/UC_et2f9njhNdrQLXkQq8h-Q,True,none,0,2021-04-23T03:40:04Z,2021-04-23T03:40:04Z,2021-04-23,23:10:38
Ugwusn-bZgA6zs9je0p4AaABAg.9MSC73RISYt9MSUIQsrG06,q1lCEB683O8,https://www.youtube.com/watch?v=q1lCEB683O8,https://www.youtube.com/watch?v=q1lCEB683O8&lc=Ugwusn-bZgA6zs9je0p4AaABAg.9MSC73RISYt9MSUIQsrG06,@Marc Oriol Burgaya ._.,Ugwusn-bZgA6zs9je0p4AaABAg,Kenyi Pinedo freyre,https://yt3.ggpht.com/ytc/AAUvwngNnskh-68va3R93n1NBWrEYIcE6tZIkL9DoA=s48-c-k-c0xffffffff-no-rj-mo,http://www.youtube.com/channel/UCSVT6H_R0Gx-AVLg9rmowOQ,True,none,0,2021-04-22T21:52:01Z,2021-04-22T21:52:01Z,2021-04-23,23:10:38
Ugx9QWfjVGmVNco2wc94AaABAg.9MSBxOtu8Ms9MT7zjvvXyZ,q1lCEB683O8,https://www.youtube.com/watch?v=q1lCEB683O8,https://www.youtube.com/watch?v=q1lCEB683O8&lc=Ugx9QWfjVGmVNco2wc94AaABAg.9MSBxOtu8Ms9MT7zjvvXyZ,Lo peor es que es verdad,Ugx9QWfjVGmVNco2wc94AaABAg,Sofia Belen Morales,https://yt3.ggpht.com/ytc/AAUvwnidMHGdrVFuldrzuJ66pm4BnStmPHGlU3994g=s48-c-k-c0xffffffff-no-rj-mo,http://www.youtube.com/channel/UCMViumuG-8WEpsulLbx2ntQ,True,none,0,2021-04-23T03:56:20Z,2021-04-23T03:56:20Z,2021-04-23,23:10:38
Ugx9QWfjVGmVNco2wc94AaABAg.9MSBxOtu8Ms9MT1m6waH2Z,q1lCEB683O8,https://www.youtube.com/watch?v=q1lCEB683O8,https://www.youtube.com/watch?v=q1lCEB683O8&lc=Ugx9QWfjVGmVNco2wc94AaABAg.9MSBxOtu8Ms9MT1m6waH2Z,Si yo vi al mono,Ugx9QWfjVGmVNco2wc94AaABAg,Dominic blocks,https://yt3.ggpht.com/ytc/AAUvwngHtap77NhRm6b6QF8s-98g_sqU-7noglBUFYRcoA=s48-c-k-c0xffffffff-no-rj-mo,http://www.youtube.com/channel/UCP9Pxo9xGQjFN2vHUApCzNw,True,none,0,2021-04-23T03:02:02Z,2021-04-23T03:02:02Z,2021-04-23,23:10:38
Ugx9QWfjVGmVNco2wc94AaABAg.9MSBxOtu8Ms9MSoMzfJxr4,q1lCEB683O8,https://www.youtube.com/watch?v=q1lCEB683O8,https://www.youtube.com/watch?v=q1lCEB683O8&lc=Ugx9QWfjVGmVNco2wc94AaABAg.9MSBxOtu8Ms9MSoMzfJxr4,viste que cuandomike hablo del miko ese estaba detras moviendose y se fue,Ugx9QWfjVGmVNco2wc94AaABAg,Mariana Guti√©rrez D√≠az,https://yt3.ggpht.com/ytc/AAUvwnjzIfloZUaeFkINZDL7FGJR62uEUHR7GPCfejRx=s48-c-k-c0xffffffff-no-rj-mo,http://www.youtube.com/channel/UCH__E0hJzxiPE4cjvucAljw,True,none,0,2021-04-23T00:56:08Z,2021-04-23T00:56:08Z,2021-04-23,23:10:38
Ugx9QWfjVGmVNco2wc94AaABAg.9MSBxOtu8Ms9MSl1sqjt9E,q1lCEB683O8,https://www.youtube.com/watch?v=q1lCEB683O8,https://www.youtube.com/watch?v=q1lCEB683O8&lc=Ugx9QWfjVGmVNco2wc94AaABAg.9MSBxOtu8Ms9MSl1sqjt9E,Jajaja si sierto,Ugx9QWfjVGmVNco2wc94AaABAg,Silvia Altamirano,https://yt3.ggpht.com/ytc/AAUvwniTW3vPgmzFxvMl4EzPkvIpMeeATeO6fkM6RTZRGg=s48-c-k-c0xffffffff-no-rj-mo,http://www.youtube.com/channel/UCDLC4M-9g9mhnz6LXifeqOQ,True,none,0,2021-04-23T00:27:02Z,2021-04-23T00:27:02Z,2021-04-23,23:10:38
Ugx9QWfjVGmVNco2wc94AaABAg.9MSBxOtu8Ms9MSjkOTsHFr,q1lCEB683O8,https://www.youtube.com/watch?v=q1lCEB683O8,https://www.youtube.com/watch?v=q1lCEB683O8&lc=Ugx9QWfjVGmVNco2wc94AaABAg.9MSBxOtu8Ms9MSjkOTsHFr,si lo vi,Ugx9QWfjVGmVNco2wc94AaABAg,Aryana Galvez,https://yt3.ggpht.com/ytc/AAUvwnhI5pU8GWQnlMg33gtkQPreqa5gpNfsbbfQBkf-=s48-c-k-c0xffffffff-no-rj-mo,http://www.youtube.com/channel/UC2cl3VYhlF2yF6e0VaCRsuA,True,none,0,2021-04-23T00:15:47Z,2021-04-23T00:15:47Z,2021-04-23,23:10:38
UgytmbfG6E2Q0_T1xAd4AaABAg.9MSBsfEjUds9MSChEw_wkF,q1lCEB683O8,https://www.youtube.com/watch?v=q1lCEB683O8,https://www.youtube.com/watch?v=q1lCEB683O8&lc=UgytmbfG6E2Q0_T1xAd4AaABAg.9MSBsfEjUds9MSChEw_wkF,Jajajaj XD,UgytmbfG6E2Q0_T1xAd4AaABAg,mundo animal o animasiones Huaraca torres,https://yt3.ggpht.com/ytc/AAUvwnjMDgP8YgkFCaAorbmUC0Qn1cHIHAnUCveYeLCO=s48-c-k-c0xffffffff-no-rj-mo,http://www.youtube.com/channel/UChSXhHWyDFTu8YWMswSXuYQ,True,none,0,2021-04-22T19:18:15Z,2021-04-22T19:18:15Z,2021-04-23,23:10:38
UgyUEw9lMrvEhHdboi94AaABAg.9MSBptZxXen9MTb9TTNndE,q1lCEB683O8,https://www.youtube.com/watch?v=q1lCEB683O8,https://www.youtube.com/watch?v=q1lCEB683O8&lc=UgyUEw9lMrvEhHdboi94AaABAg.9MSBptZxXen9MTb9TTNndE,S verda uwu,UgyUEw9lMrvEhHdboi94AaABAg,Mr sanchez,https://yt3.ggpht.com/ytc/AAUvwnhsOk5g3fRblDZeYE6wKW8Hu8yNWttf1EfPkVRn=s48-c-k-c0xffffffff-no-rj-mo,http://www.youtube.com/channel/UCIjc-loy0VJeQQKAKaZ2Stg,True,none,0,2021-04-23T08:19:56Z,2021-04-23T08:19:56Z,2021-04-23,23:10:38
UgyUEw9lMrvEhHdboi94AaABAg.9MSBptZxXen9MTOT3sq0o8,q1lCEB683O8,https://www.youtube.com/watch?v=q1lCEB683O8,https://www.youtube.com/watch?v=q1lCEB683O8&lc=UgyUEw9lMrvEhHdboi94AaABAg.9MSBptZxXen9MTOT3sq0o8,Ok,UgyUEw9lMrvEhHdboi94AaABAg,ElDaniotaku,https://yt3.ggpht.com/ytc/AAUvwnjQW0QTqEbMCEPMrrsayR2vpAUeQVHPlni6UDSwzg=s48-c-k-c0xffffffff-no-rj-mo,http://www.youtube.com/channel/UCGLYqT5FTCQkxjtcduWggzQ,True,none,0,2021-04-23T06:20:17Z,2021-04-23T06:20:17Z,2021-04-23,23:10:38
UgyUEw9lMrvEhHdboi94AaABAg.9MSBptZxXen9MTFS9zE8J_,q1lCEB683O8,https://www.youtube.com/watch?v=q1lCEB683O8,https://www.youtube.com/watch?v=q1lCEB683O8&lc=UgyUEw9lMrvEhHdboi94AaABAg.9MSBptZxXen9MTFS9zE8J_,Si cierto se ve vien bonitoüòç,UgyUEw9lMrvEhHdboi94AaABAg,frida ozuna,https://yt3.ggpht.com/ytc/AAUvwnjvvF7Yk9TR8YL7o9ARG24JYHticK4JWaZObd8JN8k=s48-c-k-c0xffffffff-no-rj-mo,http://www.youtube.com/channel/UCPjR6f6gNwt3yM_JE8eaa_Q,True,none,0,2021-04-23T05:01:31Z,2021-04-23T05:01:31Z,2021-04-23,23:10:38
UgyUEw9lMrvEhHdboi94AaABAg.9MSBptZxXen9MT9XC4SLBM,q1lCEB683O8,https://www.youtube.com/watch?v=q1lCEB683O8,https://www.youtube.com/watch?v=q1lCEB683O8&lc=UgyUEw9lMrvEhHdboi94AaABAg.9MSBptZxXen9MT9XC4SLBM,es cierto,UgyUEw9lMrvEhHdboi94AaABAg,Silence,https://yt3.ggpht.com/ytc/AAUvwnhXfqwtcxIPNu9UpyRXrL1ziC5b89vN-Al9tdJz=s48-c-k-c0xffffffff-no-rj-mo,http://www.youtube.com/channel/UCddlPAJkPYTv31M2syQuihw,True,none,0,2021-04-23T04:09:46Z,2021-04-23T04:09:46Z,2021-04-23,23:10:38
UgyUEw9lMrvEhHdboi94AaABAg.9MSBptZxXen9MT4WVAbZ1w,q1lCEB683O8,https://www.youtube.com/watch?v=q1lCEB683O8,https://www.youtube.com/watch?v=q1lCEB683O8&lc=UgyUEw9lMrvEhHdboi94AaABAg.9MSBptZxXen9MT4WVAbZ1w,Verdad,UgyUEw9lMrvEhHdboi94AaABAg,TOTOBIS YOUTUBE,https://yt3.ggpht.com/ytc/AAUvwnhShr9prz5Q_cL938OFWHoBIdH-2v40MzwdyZ-66Cc=s48-c-k-c0xffffffff-no-rj-mo,http://www.youtube.com/channel/UC-_lZDmzgybD9d_nZ3Bs94Q,True,none,1,2021-04-23T03:25:59Z,2021-04-23T03:25:59Z,2021-04-23,23:10:38
UgzdfpG0vH5issd0eBB4AaABAg.9MSBmvATTvD9MSC1t1sYH9,q1lCEB683O8,https://www.youtube.com/watch?v=q1lCEB683O8,https://www.youtube.com/watch?v=q1lCEB683O8&lc=UgzdfpG0vH5issd0eBB4AaABAg.9MSBmvATTvD9MSC1t1sYH9,X2,UgzdfpG0vH5issd0eBB4AaABAg,El blink robloxiano,https://yt3.ggpht.com/ytc/AAUvwnjmqOFlPIgjZEolXha7R7VYP4019bBny7eW5r2y=s48-c-k-c0xffffffff-no-rj-mo,http://www.youtube.com/channel/UC0umLYV_0l9SImfVL0ui7QA,True,none,1,2021-04-22T19:12:28Z,2021-04-22T19:12:28Z,2021-04-23,23:10:38
UgzdfpG0vH5issd0eBB4AaABAg.9MSBmvATTvD9MSC0yBKwTi,q1lCEB683O8,https://www.youtube.com/watch?v=q1lCEB683O8,https://www.youtube.com/watch?v=q1lCEB683O8&lc=UgzdfpG0vH5issd0eBB4AaABAg.9MSBmvATTvD9MSC0yBKwTi,que?,UgzdfpG0vH5issd0eBB4AaABAg,xrale,https://yt3.ggpht.com/ytc/AAUvwniMrRGtlllZfl3o005yW-X0MdbglsR_8rlN4MVdSA=s48-c-k-c0xffffffff-no-rj-mo,http://www.youtube.com/channel/UClCuV33yNNb_PncWTqIO6-g,True,none,1,2021-04-22T19:12:21Z,2021-04-22T19:12:21Z,2021-04-23,23:10:38
Ugyu6Pz7Zunu5_FZD8x4AaABAg.9MSBloYlAtb9MT3k8sEQd7,q1lCEB683O8,https://www.youtube.com/watch?v=q1lCEB683O8,https://www.youtube.com/watch?v=q1lCEB683O8&lc=Ugyu6Pz7Zunu5_FZD8x4AaABAg.9MSBloYlAtb9MT3k8sEQd7,Es un chiste visual amigo,Ugyu6Pz7Zunu5_FZD8x4AaABAg,stop motion films,https://yt3.ggpht.com/ytc/AAUvwnhxfC_oAKeLXbSrS5VjLldphokkZkRU-GSg-DvjwA=s48-c-k-c0xffffffff-no-rj-mo,http://www.youtube.com/channel/UCBpQm9rOtpXWpouvIlNt84A,True,none,1,2021-04-23T03:19:15Z,2021-04-23T03:19:15Z,2021-04-23,23:10:38
Ugyu6Pz7Zunu5_FZD8x4AaABAg.9MSBloYlAtb9MSujDbCwIy,q1lCEB683O8,https://www.youtube.com/watch?v=q1lCEB683O8,https://www.youtube.com/watch?v=q1lCEB683O8&lc=Ugyu6Pz7Zunu5_FZD8x4AaABAg.9MSBloYlAtb9MSujDbCwIy,La verdad yo pense a la primera que se movia por alguien pero.... despues lo vi de nuevo y se movia solo!!,Ugyu6Pz7Zunu5_FZD8x4AaABAg,AGUSTI STAR,https://yt3.ggpht.com/ytc/AAUvwnhhOPSeHlQqhcHraMWsmWGyCa8Htp0uG7yK5FaG=s48-c-k-c0xffffffff-no-rj-mo,http://www.youtube.com/channel/UCkNHRv6zwQYo-YfTFpHEGaw,True,none,0,2021-04-23T01:51:44Z,2021-04-23T01:51:44Z,2021-04-23,23:10:38
UgxDPRRcPyVu3Qahhd14AaABAg.9MSBZcHdlQ49MSCtSj5y-5,q1lCEB683O8,https://www.youtube.com/watch?v=q1lCEB683O8,https://www.youtube.com/watch?v=q1lCEB683O8&lc=UgxDPRRcPyVu3Qahhd14AaABAg.9MSBZcHdlQ49MSCtSj5y-5,Si espero lo mismo de mi ajjaja XD,UgxDPRRcPyVu3Qahhd14AaABAg,mundo animal o animasiones Huaraca torres,https://yt3.ggpht.com/ytc/AAUvwnjMDgP8YgkFCaAorbmUC0Qn1cHIHAnUCveYeLCO=s48-c-k-c0xffffffff-no-rj-mo,http://www.youtube.com/channel/UChSXhHWyDFTu8YWMswSXuYQ,True,none,0,2021-04-22T19:19:55Z,2021-04-22T19:19:55Z,2021-04-23,23:10:38
UgxU9-6WjIiJRKT4gtZ4AaABAg.9MSBYsxAMFo9MSUTLdcSVv,q1lCEB683O8,https://www.youtube.com/watch?v=q1lCEB683O8,https://www.youtube.com/watch?v=q1lCEB683O8&lc=UgxU9-6WjIiJRKT4gtZ4AaABAg.9MSBYsxAMFo9MSUTLdcSVv,si xdü§ùüòé,UgxU9-6WjIiJRKT4gtZ4AaABAg,Kenyi Pinedo freyre,https://yt3.ggpht.com/ytc/AAUvwngNnskh-68va3R93n1NBWrEYIcE6tZIkL9DoA=s48-c-k-c0xffffffff-no-rj-mo,http://www.youtube.com/channel/UCSVT6H_R0Gx-AVLg9rmowOQ,True,none,0,2021-04-22T21:53:30Z,2021-04-22T21:53:30Z,2021-04-23,23:10:38
Ugzt_OaMTXJqsUi9Vjx4AaABAg.9MSBYEf2Hzn9MSBrCuS5CZ,q1lCEB683O8,https://www.youtube.com/watch?v=q1lCEB683O8,https://www.youtube.com/watch?v=q1lCEB683O8&lc=Ugzt_OaMTXJqsUi9Vjx4AaABAg.9MSBYEf2Hzn9MSBrCuS5CZ,F,Ugzt_OaMTXJqsUi9Vjx4AaABAg,ariadnne sophiel escobar mayta,https://yt3.ggpht.com/ytc/AAUvwng8JC-QQ0QTaPZunTa-T-rhaHZLWOn8-uDkNODw=s48-c-k-c0xffffffff-no-rj-mo,http://www.youtube.com/channel/UCTbPwe0EnzukPbSZRZfbfgg,True,none,1,2021-04-22T19:10:52Z,2021-04-22T19:10:52Z,2021-04-23,23:10:38
Ugz0cKbMFg_ED8Fi_b54AaABAg.9MSBOekSIz39MSWTkXYmyc,q1lCEB683O8,https://www.youtube.com/watch?v=q1lCEB683O8,https://www.youtube.com/watch?v=q1lCEB683O8&lc=Ugz0cKbMFg_ED8Fi_b54AaABAg.9MSBOekSIz39MSWTkXYmyc,._.,Ugz0cKbMFg_ED8Fi_b54AaABAg,Kenyi Pinedo freyre,https://yt3.ggpht.com/ytc/AAUvwngNnskh-68va3R93n1NBWrEYIcE6tZIkL9DoA=s48-c-k-c0xffffffff-no-rj-mo,http://www.youtube.com/channel/UCSVT6H_R0Gx-AVLg9rmowOQ,True,none,0,2021-04-22T22:11:02Z,2021-04-22T22:11:02Z,2021-04-23,23:10:38
Ugz0cKbMFg_ED8Fi_b54AaABAg.9MSBOekSIz39MSHugEjgxt,q1lCEB683O8,https://www.youtube.com/watch?v=q1lCEB683O8,https://www.youtube.com/watch?v=q1lCEB683O8&lc=Ugz0cKbMFg_ED8Fi_b54AaABAg.9MSBOekSIz39MSHugEjgxt,‚Ä¶‚Ä¶ :V,Ugz0cKbMFg_ED8Fi_b54AaABAg,Gosth Raider,https://yt3.ggpht.com/ytc/AAUvwnhTLZ2CoFSiD6wH-bhltieD6De7W3S8EqrzbumF=s48-c-k-c0xffffffff-no-rj-mo,http://www.youtube.com/channel/UCeEsmBxLSmGhYTKGb7JEJgA,True,none,0,2021-04-22T20:03:47Z,2021-04-22T20:03:47Z,2021-04-23,23:10:38
Ugwc42oQsMI96De23sp4AaABAg.9MSBL8yI4-v9MSC_sYa9Vo,q1lCEB683O8,https://www.youtube.com/watch?v=q1lCEB683O8,https://www.youtube.com/watch?v=q1lCEB683O8&lc=Ugwc42oQsMI96De23sp4AaABAg.9MSBL8yI4-v9MSC_sYa9Vo,Hel√≥ ‚úã‚úã‚úã,Ugwc42oQsMI96De23sp4AaABAg,el mundo de las hormigas de Giovanni,https://yt3.ggpht.com/ytc/AAUvwnj7mT2draSd68pa2zmnbK0jHjX-ZbyGJgXT1wYF=s48-c-k-c0xffffffff-no-rj-mo,http://www.youtube.com/channel/UCt1BL5-JY7HacJ5YYw2lj5w,True,none,0,2021-04-22T19:17:15Z,2021-04-22T19:17:15Z,2021-04-23,23:10:38
Ugw-uaIXDpQtbA7eg3l4AaABAg.9MSBJqYAwuG9MSC3L_l28r,q1lCEB683O8,https://www.youtube.com/watch?v=q1lCEB683O8,https://www.youtube.com/watch?v=q1lCEB683O8&lc=Ugw-uaIXDpQtbA7eg3l4AaABAg.9MSBJqYAwuG9MSC3L_l28r,@ariadnne sophiel escobar mayta  yes,Ugw-uaIXDpQtbA7eg3l4AaABAg,mundo animal o animasiones Huaraca torres,https://yt3.ggpht.com/ytc/AAUvwnjMDgP8YgkFCaAorbmUC0Qn1cHIHAnUCveYeLCO=s48-c-k-c0xffffffff-no-rj-mo,http://www.youtube.com/channel/UChSXhHWyDFTu8YWMswSXuYQ,True,none,0,2021-04-22T19:12:40Z,2021-04-22T19:12:40Z,2021-04-23,23:10:38
Ugw-uaIXDpQtbA7eg3l4AaABAg.9MSBJqYAwuG9MSBue16P_5,q1lCEB683O8,https://www.youtube.com/watch?v=q1lCEB683O8,https://www.youtube.com/watch?v=q1lCEB683O8&lc=Ugw-uaIXDpQtbA7eg3l4AaABAg.9MSBJqYAwuG9MSBue16P_5,üñêÔ∏è,Ugw-uaIXDpQtbA7eg3l4AaABAg,ariadnne sophiel escobar mayta,https://yt3.ggpht.com/ytc/AAUvwng8JC-QQ0QTaPZunTa-T-rhaHZLWOn8-uDkNODw=s48-c-k-c0xffffffff-no-rj-mo,http://www.youtube.com/channel/UCTbPwe0EnzukPbSZRZfbfgg,True,none,1,2021-04-22T19:11:21Z,2021-04-22T19:11:21Z,2021-04-23,23:10:38
Ugz2x0sKaA0tgTyzfxZ4AaABAg.9MSBFQKV_ik9MSBNO-T6Uj,q1lCEB683O8,https://www.youtube.com/watch?v=q1lCEB683O8,https://www.youtube.com/watch?v=q1lCEB683O8&lc=Ugz2x0sKaA0tgTyzfxZ4AaABAg.9MSBFQKV_ik9MSBNO-T6Uj,Xd,Ugz2x0sKaA0tgTyzfxZ4AaABAg,Eduard V√°zquez,https://yt3.ggpht.com/ytc/AAUvwniH4u0gBZOOsdPCLIbkiIys9gmzqNK-DfbkgQ=s48-c-k-c0xffffffff-no-rj-mo,http://www.youtube.com/channel/UCxxWfe_A5gfKIrvS7tbPwug,True,none,2,2021-04-22T19:06:40Z,2021-04-22T19:06:40Z,2021-04-23,23:10:38
UgxLC4MKYxij8TwB6UN4AaABAg.9MSBFDgh5o69MSR0Z_WR3S,q1lCEB683O8,https://www.youtube.com/watch?v=q1lCEB683O8,https://www.youtube.com/watch?v=q1lCEB683O8&lc=UgxLC4MKYxij8TwB6UN4AaABAg.9MSBFDgh5o69MSR0Z_WR3S,@Kaiju Zone :v,UgxLC4MKYxij8TwB6UN4AaABAg,el mundo de las hormigas de Giovanni,https://yt3.ggpht.com/ytc/AAUvwnj7mT2draSd68pa2zmnbK0jHjX-ZbyGJgXT1wYF=s48-c-k-c0xffffffff-no-rj-mo,http://www.youtube.com/channel/UCt1BL5-JY7HacJ5YYw2lj5w,True,none,0,2021-04-22T21:23:22Z,2021-04-22T21:23:22Z,2021-04-23,23:10:38
UgxLC4MKYxij8TwB6UN4AaABAg.9MSBFDgh5o69MSBdwWVd-Q,q1lCEB683O8,https://www.youtube.com/watch?v=q1lCEB683O8,https://www.youtube.com/watch?v=q1lCEB683O8&lc=UgxLC4MKYxij8TwB6UN4AaABAg.9MSBFDgh5o69MSBdwWVd-Q,._.,UgxLC4MKYxij8TwB6UN4AaABAg,Kaiju Zone,https://yt3.ggpht.com/ytc/AAUvwnjIHaPOO352qsVLKGw7EqJN0lOeKoFseR99PPxYWg=s48-c-k-c0xffffffff-no-rj-mo,http://www.youtube.com/channel/UCygWmx3k1oc6fh7WapIxDkw,True,none,0,2021-04-22T19:09:04Z,2021-04-22T19:09:04Z,2021-04-23,23:10:38
Ugz-vRKkHY17g_UtzXN4AaABAg.9MSBEcv5l0o9MSEV6e1ejq,q1lCEB683O8,https://www.youtube.com/watch?v=q1lCEB683O8,https://www.youtube.com/watch?v=q1lCEB683O8&lc=Ugz-vRKkHY17g_UtzXN4AaABAg.9MSBEcv5l0o9MSEV6e1ejq,Yo tambi√©n corriendo porque mi ipad son√≥ Tin XD,Ugz-vRKkHY17g_UtzXN4AaABAg,kawaii YT,https://yt3.ggpht.com/ytc/AAUvwnizuyojv0cgftwY_aZ6BgKOfDbG8P5sT_N2hsJkrg=s48-c-k-c0xffffffff-no-rj-mo,http://www.youtube.com/channel/UCGyvTUD9qGYwWarLcMM0nBQ,True,none,2,2021-04-22T19:33:56Z,2021-04-22T19:33:56Z,2021-04-23,23:10:38
Ugz-vRKkHY17g_UtzXN4AaABAg.9MSBEcv5l0o9MSEA3KToyJ,q1lCEB683O8,https://www.youtube.com/watch?v=q1lCEB683O8,https://www.youtube.com/watch?v=q1lCEB683O8&lc=Ugz-vRKkHY17g_UtzXN4AaABAg.9MSBEcv5l0o9MSEA3KToyJ,Confirmo,Ugz-vRKkHY17g_UtzXN4AaABAg,·É¶harumi_.uwu·É¶,https://yt3.ggpht.com/ytc/AAUvwnjo7XGnN5X3iaWjb5leim4TYy6ysmXN6vJID-BD1g=s48-c-k-c0xffffffff-no-rj-mo,http://www.youtube.com/channel/UCHc4NMW2our6I1ai97dXjGQ,True,none,1,2021-04-22T19:31:04Z,2021-04-22T19:31:04Z,2021-04-23,23:10:38
Ugz-vRKkHY17g_UtzXN4AaABAg.9MSBEcv5l0o9MSCMeZ5wO5,q1lCEB683O8,https://www.youtube.com/watch?v=q1lCEB683O8,https://www.youtube.com/watch?v=q1lCEB683O8&lc=Ugz-vRKkHY17g_UtzXN4AaABAg.9MSBEcv5l0o9MSCMeZ5wO5,:u,Ugz-vRKkHY17g_UtzXN4AaABAg,UZI,https://yt3.ggpht.com/ytc/AAUvwngn7M4XNhZS4-5TzrmuEPZa_3TzjxvsZV5YRWvEsA=s48-c-k-c0xffffffff-no-rj-mo,http://www.youtube.com/channel/UCclpNrVpc9aTbZWQ45W5v_w,True,none,2,2021-04-22T19:15:18Z,2021-04-22T19:15:18Z,2021-04-23,23:10:38
Ugz-vRKkHY17g_UtzXN4AaABAg.9MSBEcv5l0o9MSCM_QBLzD,q1lCEB683O8,https://www.youtube.com/watch?v=q1lCEB683O8,https://www.youtube.com/watch?v=q1lCEB683O8&lc=Ugz-vRKkHY17g_UtzXN4AaABAg.9MSBEcv5l0o9MSCM_QBLzD,Si,Ugz-vRKkHY17g_UtzXN4AaABAg,Alison Fernandez,https://yt3.ggpht.com/ytc/AAUvwnh7nymsNe4m1cVUO-bnFz-AeSiL9HfG-9g1-g=s48-c-k-c0xffffffff-no-rj-mo,http://www.youtube.com/channel/UCpaY08eaQZhbRdI-C72n6Ww,True,none,2,2021-04-22T19:15:18Z,2021-04-22T19:15:18Z,2021-04-23,23:10:38
Ugz-vRKkHY17g_UtzXN4AaABAg.9MSBEcv5l0o9MSCDigDHNc,q1lCEB683O8,https://www.youtube.com/watch?v=q1lCEB683O8,https://www.youtube.com/watch?v=q1lCEB683O8&lc=Ugz-vRKkHY17g_UtzXN4AaABAg.9MSBEcv5l0o9MSCDigDHNc,Xd,Ugz-vRKkHY17g_UtzXN4AaABAg,Raquel De La Fuente,https://yt3.ggpht.com/ytc/AAUvwngKhh3uO_vNxNrsf-C4AiMmmyz8F4HFOyF_0g=s48-c-k-c0xffffffff-no-rj-mo,http://www.youtube.com/channel/UC0xafrmmphE9jVcHWDV3vtA,True,none,3,2021-04-22T19:14:05Z,2021-04-22T19:14:05Z,2021-04-23,23:10:38
Ugy8zRx1abqHWDa5_c94AaABAg.9MSBEKZVAS89MSUMQe_EcY,q1lCEB683O8,https://www.youtube.com/watch?v=q1lCEB683O8,https://www.youtube.com/watch?v=q1lCEB683O8&lc=Ugy8zRx1abqHWDa5_c94AaABAg.9MSBEKZVAS89MSUMQe_EcY,:),Ugy8zRx1abqHWDa5_c94AaABAg,Kenyi Pinedo freyre,https://yt3.ggpht.com/ytc/AAUvwngNnskh-68va3R93n1NBWrEYIcE6tZIkL9DoA=s48-c-k-c0xffffffff-no-rj-mo,http://www.youtube.com/channel/UCSVT6H_R0Gx-AVLg9rmowOQ,True,none,0,2021-04-22T21:52:34Z,2021-04-22T21:52:34Z,2021-04-23,23:10:38
Ugxpx2kCspXxCkF4a5F4AaABAg.9MSBAj4WTsW9MSuZ2kia9T,q1lCEB683O8,https://www.youtube.com/watch?v=q1lCEB683O8,https://www.youtube.com/watch?v=q1lCEB683O8&lc=Ugxpx2kCspXxCkF4a5F4AaABAg.9MSBAj4WTsW9MSuZ2kia9T,Igual jaja,Ugxpx2kCspXxCkF4a5F4AaABAg,AGUSTI STAR,https://yt3.ggpht.com/ytc/AAUvwnhhOPSeHlQqhcHraMWsmWGyCa8Htp0uG7yK5FaG=s48-c-k-c0xffffffff-no-rj-mo,http://www.youtube.com/channel/UCkNHRv6zwQYo-YfTFpHEGaw,True,none,0,2021-04-23T01:50:13Z,2021-04-23T01:50:13Z,2021-04-23,23:10:38
Ugxpx2kCspXxCkF4a5F4AaABAg.9MSBAj4WTsW9MSS9-OwkWR,q1lCEB683O8,https://www.youtube.com/watch?v=q1lCEB683O8,https://www.youtube.com/watch?v=q1lCEB683O8&lc=Ugxpx2kCspXxCkF4a5F4AaABAg.9MSBAj4WTsW9MSS9-OwkWR,Alguen bio al mono,Ugxpx2kCspXxCkF4a5F4AaABAg,Debo Flores,https://yt3.ggpht.com/ytc/AAUvwngdCpmDFc0e1pmZzeUktrgpq1xOVyR-Rzh5eQ=s48-c-k-c0xffffffff-no-rj-mo,http://www.youtube.com/channel/UC7Gj6knpIv3ggggrBsOXFhg,True,none,0,2021-04-22T21:33:15Z,2021-04-22T21:33:15Z,2021-04-23,23:10:38
Ugxpx2kCspXxCkF4a5F4AaABAg.9MSBAj4WTsW9MSNxYutv-R,q1lCEB683O8,https://www.youtube.com/watch?v=q1lCEB683O8,https://www.youtube.com/watch?v=q1lCEB683O8&lc=Ugxpx2kCspXxCkF4a5F4AaABAg.9MSBAj4WTsW9MSNxYutv-R,jaja,Ugxpx2kCspXxCkF4a5F4AaABAg,Jose Vargas,https://yt3.ggpht.com/ytc/AAUvwnjfiyvXryndrLmkroPjwM_m4Jf4-PN5uQiEPiCA=s48-c-k-c0xffffffff-no-rj-mo,http://www.youtube.com/channel/UCfs4icYJCUAIrGi2llLGbBQ,True,none,0,2021-04-22T20:56:36Z,2021-04-22T20:56:36Z,2021-04-23,23:10:38
UgyrRGojWDkrysr8Vd94AaABAg.9MSBANVe9029MSFHoCvS9d,q1lCEB683O8,https://www.youtube.com/watch?v=q1lCEB683O8,https://www.youtube.com/watch?v=q1lCEB683O8&lc=UgyrRGojWDkrysr8Vd94AaABAg.9MSBANVe9029MSFHoCvS9d,Perd√≥n lo siento pens√© que era la primera,UgyrRGojWDkrysr8Vd94AaABAg,Cynthia Acosta,https://yt3.ggpht.com/ytc/AAUvwniFl3s_yXH3ZU1W5mra8ee9HBpaYUw24D1A6g=s48-c-k-c0xffffffff-no-rj-mo,http://www.youtube.com/channel/UCq-Cj-VA3503B-5psJodMyw,True,none,0,2021-04-22T19:40:51Z,2021-04-22T19:40:51Z,2021-04-23,23:10:38
Ugyll4yhIKyLEP6E1tB4AaABAg.9MSBA6hiOap9MSCIItsbcI,q1lCEB683O8,https://www.youtube.com/watch?v=q1lCEB683O8,https://www.youtube.com/watch?v=q1lCEB683O8&lc=Ugyll4yhIKyLEP6E1tB4AaABAg.9MSBA6hiOap9MSCIItsbcI,?????,Ugyll4yhIKyLEP6E1tB4AaABAg,pooky xd 26,https://yt3.ggpht.com/ytc/AAUvwnidLWuv_oBhGK7vCgzUJB35oCYmaFLBFovdaZ6czg=s48-c-k-c0xffffffff-no-rj-mo,http://www.youtube.com/channel/UCkSOYjw16wrZY2PWSedsqDg,True,none,0,2021-04-22T19:14:43Z,2021-04-22T19:14:43Z,2021-04-23,23:10:38
UgxfMy4PU4DU7tzKGI54AaABAg.9MSB7LexPz29MSE4tlYsYO,q1lCEB683O8,https://www.youtube.com/watch?v=q1lCEB683O8,https://www.youtube.com/watch?v=q1lCEB683O8&lc=UgxfMy4PU4DU7tzKGI54AaABAg.9MSB7LexPz29MSE4tlYsYO,@Kaiju Zone  xd xd xd xd,UgxfMy4PU4DU7tzKGI54AaABAg,animal lover,https://yt3.ggpht.com/ytc/AAUvwnjKsiq3iqpI-nujxV0t76hVQv3IvimaODzfNhYy=s48-c-k-c0xffffffff-no-rj-mo,http://www.youtube.com/channel/UCZ7UUzcUQmQIB22aHJTg1mQ,True,none,0,2021-04-22T19:30:21Z,2021-04-22T19:30:21Z,2021-04-23,23:10:39
UgxfMy4PU4DU7tzKGI54AaABAg.9MSB7LexPz29MSDxHJWPhl,q1lCEB683O8,https://www.youtube.com/watch?v=q1lCEB683O8,https://www.youtube.com/watch?v=q1lCEB683O8&lc=UgxfMy4PU4DU7tzKGI54AaABAg.9MSB7LexPz29MSDxHJWPhl,Si jajaja,UgxfMy4PU4DU7tzKGI54AaABAg,Moa Por Siempre„ÉÉ,https://yt3.ggpht.com/ytc/AAUvwnisE9useMi2N98zkCJuGe0_lebpq0ti_oxb8a20Ng=s48-c-k-c0xffffffff-no-rj-mo,http://www.youtube.com/channel/UC65oih90gPxXqkm8lH-d5zg,True,none,0,2021-04-22T19:29:11Z,2021-04-22T19:29:53Z,2021-04-23,23:10:39
UgxfMy4PU4DU7tzKGI54AaABAg.9MSB7LexPz29MSC1CR-KaP,q1lCEB683O8,https://www.youtube.com/watch?v=q1lCEB683O8,https://www.youtube.com/watch?v=q1lCEB683O8&lc=UgxfMy4PU4DU7tzKGI54AaABAg.9MSB7LexPz29MSC1CR-KaP,@Jonathan Morales jajaj tu foto esta cgada,UgxfMy4PU4DU7tzKGI54AaABAg,Kaiju Zone,https://yt3.ggpht.com/ytc/AAUvwnjIHaPOO352qsVLKGw7EqJN0lOeKoFseR99PPxYWg=s48-c-k-c0xffffffff-no-rj-mo,http://www.youtube.com/channel/UCygWmx3k1oc6fh7WapIxDkw,True,none,0,2021-04-22T19:12:22Z,2021-04-22T19:12:34Z,2021-04-23,23:10:39
UgxfMy4PU4DU7tzKGI54AaABAg.9MSB7LexPz29MSBquxEODJ,q1lCEB683O8,https://www.youtube.com/watch?v=q1lCEB683O8,https://www.youtube.com/watch?v=q1lCEB683O8&lc=UgxfMy4PU4DU7tzKGI54AaABAg.9MSB7LexPz29MSBquxEODJ,F la verdad XD,UgxfMy4PU4DU7tzKGI54AaABAg,Jonathan Morales,https://yt3.ggpht.com/ytc/AAUvwnh30-HwLLbyaWodhodEkxa5ltyZR1n7oLl_AXFYig=s48-c-k-c0xffffffff-no-rj-mo,http://www.youtube.com/channel/UCDz4T-4XCrV_8smO_j8I2oA,True,none,0,2021-04-22T19:10:50Z,2021-04-22T19:10:50Z,2021-04-23,23:10:39
Ugw0zbUT2WG03I4Oj754AaABAg.9MSB7LW2GAa9MSCdeh5iXU,q1lCEB683O8,https://www.youtube.com/watch?v=q1lCEB683O8,https://www.youtube.com/watch?v=q1lCEB683O8&lc=Ugw0zbUT2WG03I4Oj754AaABAg.9MSB7LW2GAa9MSCdeh5iXU,Yes,Ugw0zbUT2WG03I4Oj754AaABAg,mundo animal o animasiones Huaraca torres,https://yt3.ggpht.com/ytc/AAUvwnjMDgP8YgkFCaAorbmUC0Qn1cHIHAnUCveYeLCO=s48-c-k-c0xffffffff-no-rj-mo,http://www.youtube.com/channel/UChSXhHWyDFTu8YWMswSXuYQ,True,none,0,2021-04-22T19:17:46Z,2021-04-22T19:17:46Z,2021-04-23,23:10:39
UgwB_PHcD25pTSDwv2l4AaABAg.9MSB6zpOqwk9MSDBxSW_Az,q1lCEB683O8,https://www.youtube.com/watch?v=q1lCEB683O8,https://www.youtube.com/watch?v=q1lCEB683O8&lc=UgwB_PHcD25pTSDwv2l4AaABAg.9MSB6zpOqwk9MSDBxSW_Az,x2 üòÅ,UgwB_PHcD25pTSDwv2l4AaABAg,Moa Por Siempre„ÉÉ,https://yt3.ggpht.com/ytc/AAUvwnisE9useMi2N98zkCJuGe0_lebpq0ti_oxb8a20Ng=s48-c-k-c0xffffffff-no-rj-mo,http://www.youtube.com/channel/UC65oih90gPxXqkm8lH-d5zg,True,none,0,2021-04-22T19:22:35Z,2021-04-22T19:22:35Z,2021-04-23,23:10:39
UgwB_PHcD25pTSDwv2l4AaABAg.9MSB6zpOqwk9MSBFUUufdC,q1lCEB683O8,https://www.youtube.com/watch?v=q1lCEB683O8,https://www.youtube.com/watch?v=q1lCEB683O8&lc=UgwB_PHcD25pTSDwv2l4AaABAg.9MSB6zpOqwk9MSBFUUufdC,Yo igual,UgwB_PHcD25pTSDwv2l4AaABAg,BlackName Blackmanta,https://yt3.ggpht.com/ytc/AAUvwngHRgbCjjX4USeOd2z8Cex5h_WvjWpudeAwIoAG=s48-c-k-c0xffffffff-no-rj-mo,http://www.youtube.com/channel/UCafdP0NVxPi3TQZ7SDSwdOA,True,none,0,2021-04-22T19:05:35Z,2021-04-22T19:05:35Z,2021-04-23,23:10:39
Ugx0iSoy1gYRoOtq60t4AaABAg.9MSB584LTls9MSmvTspxZ1,q1lCEB683O8,https://www.youtube.com/watch?v=q1lCEB683O8,https://www.youtube.com/watch?v=q1lCEB683O8&lc=Ugx0iSoy1gYRoOtq60t4AaABAg.9MSB584LTls9MSmvTspxZ1,ü§óü§óü§óü§ó,Ugx0iSoy1gYRoOtq60t4AaABAg,dari,https://yt3.ggpht.com/ytc/AAUvwnhtTAD5mZbZphMHN1L6dVsjIWrocl-vXAudOnn-=s48-c-k-c0xffffffff-no-rj-mo,http://www.youtube.com/channel/UC7Vo4B4OEiwhc1erjo4xINg,True,none,0,2021-04-23T00:43:30Z,2021-04-23T00:43:30Z,2021-04-23,23:10:39
Ugx0iSoy1gYRoOtq60t4AaABAg.9MSB584LTls9MSCT6P8dSX,q1lCEB683O8,https://www.youtube.com/watch?v=q1lCEB683O8,https://www.youtube.com/watch?v=q1lCEB683O8&lc=Ugx0iSoy1gYRoOtq60t4AaABAg.9MSB584LTls9MSCT6P8dSX,Yo igual,Ugx0iSoy1gYRoOtq60t4AaABAg,mundo animal o animasiones Huaraca torres,https://yt3.ggpht.com/ytc/AAUvwnjMDgP8YgkFCaAorbmUC0Qn1cHIHAnUCveYeLCO=s48-c-k-c0xffffffff-no-rj-mo,http://www.youtube.com/channel/UChSXhHWyDFTu8YWMswSXuYQ,True,none,0,2021-04-22T19:16:11Z,2021-04-22T19:16:11Z,2021-04-23,23:10:39
UgyNo6Vuxg7cmOxQuzl4AaABAg.9MSB4Jacuvy9MSB93UCNpa,q1lCEB683O8,https://www.youtube.com/watch?v=q1lCEB683O8,https://www.youtube.com/watch?v=q1lCEB683O8&lc=UgyNo6Vuxg7cmOxQuzl4AaABAg.9MSB4Jacuvy9MSB93UCNpa,.__________________.,UgyNo6Vuxg7cmOxQuzl4AaABAg,Josemaria07 Espinosa Garc√≠a 21,https://yt3.ggpht.com/ytc/AAUvwniS1y5GD_ac5afoWviwYQUxEwL_IdbLcgHX-6enoA=s48-c-k-c0xffffffff-no-rj-mo,http://www.youtube.com/channel/UCBG5_WQ7CMN70aSKc4l86kQ,True,none,0,2021-04-22T19:04:43Z,2021-04-22T19:04:43Z,2021-04-23,23:10:39
UgxvH_pyk3g2GcvV8Gp4AaABAg.9MSB432Qnfk9MSC5HxvWu4,q1lCEB683O8,https://www.youtube.com/watch?v=q1lCEB683O8,https://www.youtube.com/watch?v=q1lCEB683O8&lc=UgxvH_pyk3g2GcvV8Gp4AaABAg.9MSB432Qnfk9MSC5HxvWu4,A mike le vale 3 huevos que seas el primero xd,UgxvH_pyk3g2GcvV8Gp4AaABAg,„ÄéPeÃærrita P√∏ly„Äè,https://yt3.ggpht.com/ytc/AAUvwnjCYSlSccPfCIoSNXjPx5neeQaodcfppYvcD0lbpQ=s48-c-k-c0xffffffff-no-rj-mo,http://www.youtube.com/channel/UCnaZxVCfS85ESDJ086iTL_Q,True,none,0,2021-04-22T19:12:56Z,2021-04-22T19:12:56Z,2021-04-23,23:10:39
UgwL8Jomf7Sxldc8Gkd4AaABAg.9MSB41IT2br9MSBYENDOdo,q1lCEB683O8,https://www.youtube.com/watch?v=q1lCEB683O8,https://www.youtube.com/watch?v=q1lCEB683O8&lc=UgwL8Jomf7Sxldc8Gkd4AaABAg.9MSB41IT2br9MSBYENDOdo,Otr@ fue primera xxd,UgwL8Jomf7Sxldc8Gkd4AaABAg,Kiara Rojas arevalo,https://yt3.ggpht.com/ytc/AAUvwnhbeiFce1z5hnX0yRBcX0OqASM5U1u1SgErU62_7g=s48-c-k-c0xffffffff-no-rj-mo,http://www.youtube.com/channel/UCG-JKtY9ghgVQPKMB9bSyJA,True,none,0,2021-04-22T19:08:09Z,2021-04-22T19:08:09Z,2021-04-23,23:10:39
UgwL8Jomf7Sxldc8Gkd4AaABAg.9MSB41IT2br9MSBFFJR2IK,q1lCEB683O8,https://www.youtube.com/watch?v=q1lCEB683O8,https://www.youtube.com/watch?v=q1lCEB683O8&lc=UgwL8Jomf7Sxldc8Gkd4AaABAg.9MSB41IT2br9MSBFFJR2IK,@Vicky Cruz Xdd,UgwL8Jomf7Sxldc8Gkd4AaABAg,’≤Œ±‘µŒ±l√≠“Ω Jesse ‚ûã‚ûí‚ûä‚ûå,https://yt3.ggpht.com/ytc/AAUvwngmoyP1kWx2DVWKr9FVzQVgbnbj9cm8rsSzx-BYQQ=s48-c-k-c0xffffffff-no-rj-mo,http://www.youtube.com/channel/UCJdqTFcz3ECcEcA5zaE70mA,True,none,0,2021-04-22T19:05:33Z,2021-04-22T19:05:33Z,2021-04-23,23:10:39
UgwL8Jomf7Sxldc8Gkd4AaABAg.9MSB41IT2br9MSB8Z59Txe,q1lCEB683O8,https://www.youtube.com/watch?v=q1lCEB683O8,https://www.youtube.com/watch?v=q1lCEB683O8&lc=UgwL8Jomf7Sxldc8Gkd4AaABAg.9MSB41IT2br9MSB8Z59Txe,Mejor deja de presumir que ni fuiste primero :/,UgwL8Jomf7Sxldc8Gkd4AaABAg,Vicky Cruz,https://yt3.ggpht.com/ytc/AAUvwni_woRieZ2hANRyaRnnx5z-Zea_L53inE87dg=s48-c-k-c0xffffffff-no-rj-mo,http://www.youtube.com/channel/UCxgrWl4YJ3WLQe1iwKPnUyg,True,none,1,2021-04-22T19:04:39Z,2021-04-22T19:04:39Z,2021-04-23,23:10:39
Ugy1XeO_xtKdf9lQtJJ4AaABAg.9MSB3WST34A9MSB7ZyQRlT,q1lCEB683O8,https://www.youtube.com/watch?v=q1lCEB683O8,https://www.youtube.com/watch?v=q1lCEB683O8&lc=Ugy1XeO_xtKdf9lQtJJ4AaABAg.9MSB3WST34A9MSB7ZyQRlT,Chismoso,Ugy1XeO_xtKdf9lQtJJ4AaABAg,Paola Sierra,https://yt3.ggpht.com/ytc/AAUvwnh_bQR3maigc38IuHycMa98YbPLGE5eY643vayUag=s48-c-k-c0xffffffff-no-rj-mo,http://www.youtube.com/channel/UCWkXxhtYdj64ms9laHYCe0A,True,none,2,2021-04-22T19:04:30Z,2021-04-22T19:04:30Z,2021-04-23,23:10:39
UgxZSRlXdxnlnHNr2VJ4AaABAg.9MSB2kopEqM9MSBGyJ5Jn2,q1lCEB683O8,https://www.youtube.com/watch?v=q1lCEB683O8,https://www.youtube.com/watch?v=q1lCEB683O8&lc=UgxZSRlXdxnlnHNr2VJ4AaABAg.9MSB2kopEqM9MSBGyJ5Jn2,Si fue primera,UgxZSRlXdxnlnHNr2VJ4AaABAg,mundo animal o animasiones Huaraca torres,https://yt3.ggpht.com/ytc/AAUvwnjMDgP8YgkFCaAorbmUC0Qn1cHIHAnUCveYeLCO=s48-c-k-c0xffffffff-no-rj-mo,http://www.youtube.com/channel/UChSXhHWyDFTu8YWMswSXuYQ,True,none,3,2021-04-22T19:05:47Z,2021-04-22T19:05:47Z,2021-04-23,23:10:39
UgxZSRlXdxnlnHNr2VJ4AaABAg.9MSB2kopEqM9MSBBCiBLv1,q1lCEB683O8,https://www.youtube.com/watch?v=q1lCEB683O8,https://www.youtube.com/watch?v=q1lCEB683O8&lc=UgxZSRlXdxnlnHNr2VJ4AaABAg.9MSB2kopEqM9MSBBCiBLv1,Wenas,UgxZSRlXdxnlnHNr2VJ4AaABAg,EL MiSHiFUS 22,https://yt3.ggpht.com/ytc/AAUvwnhKXSC3yM_bWDd8Tu2nJ2n9TFDis2sPXL1XX3c8QA=s48-c-k-c0xffffffff-no-rj-mo,http://www.youtube.com/channel/UCKYyiggLgM1gxhxZmQHoSEw,True,none,3,2021-04-22T19:05:00Z,2021-04-22T19:05:00Z,2021-04-23,23:10:39
UgxZSRlXdxnlnHNr2VJ4AaABAg.9MSB2kopEqM9MSBBA8F16m,q1lCEB683O8,https://www.youtube.com/watch?v=q1lCEB683O8,https://www.youtube.com/watch?v=q1lCEB683O8&lc=UgxZSRlXdxnlnHNr2VJ4AaABAg.9MSB2kopEqM9MSBBA8F16m,Fuiste primer@üëå,UgxZSRlXdxnlnHNr2VJ4AaABAg,FramPlay 5O„ÉÑ,https://yt3.ggpht.com/ytc/AAUvwniwGXj99HjMQ57LEdyiFywNlgZiuhQy6z2AsgA7cA=s48-c-k-c0xffffffff-no-rj-mo,http://www.youtube.com/channel/UCQb6JOlV7lVX-9dRjSru9gQ,True,none,3,2021-04-22T19:05:00Z,2021-04-22T19:05:00Z,2021-04-23,23:10:39
UgxZSRlXdxnlnHNr2VJ4AaABAg.9MSB2kopEqM9MSB8eHEPr8,q1lCEB683O8,https://www.youtube.com/watch?v=q1lCEB683O8,https://www.youtube.com/watch?v=q1lCEB683O8&lc=UgxZSRlXdxnlnHNr2VJ4AaABAg.9MSB2kopEqM9MSB8eHEPr8,Buenas :p,UgxZSRlXdxnlnHNr2VJ4AaABAg,mundo animal o animasiones Huaraca torres,https://yt3.ggpht.com/ytc/AAUvwnjMDgP8YgkFCaAorbmUC0Qn1cHIHAnUCveYeLCO=s48-c-k-c0xffffffff-no-rj-mo,http://www.youtube.com/channel/UChSXhHWyDFTu8YWMswSXuYQ,True,none,3,2021-04-22T19:04:39Z,2021-04-22T19:04:39Z,2021-04-23,23:10:39
